# https://github.com/mikedh/trimesh
mtllib material.mtl

o geometry0
usemtl material_0
v -2.84799695 -13.90268040 34.44916916
v -2.36914802 -13.90264988 33.79008865
v -2.36914802 -11.90264988 33.79018021
v -1.74143696 -11.90262985 33.27088928
v -3.14789510 -13.90277958 36.82310867
v -3.25000000 -13.90275002 36.01485825
v -3.25000000 -11.90275002 36.01494980
v -3.14789510 -13.90270996 35.20661926
v -2.84799695 -11.90268040 34.44924927
v -2.84799695 -13.90281963 37.58055878
v -3.14789510 -11.90277958 36.82320023
v -3.14789510 -11.90270996 35.20671082
v -2.36914802 -13.90285015 38.23963928
v -2.84799695 -11.90281963 37.58065033
v -1.74143696 -13.90287018 38.75893021
v -2.36914802 -11.90285015 38.23973083
v -1.00430501 -13.90289021 39.10580063
v -1.74143696 -11.90287018 38.75902176
v -0.20406920 -13.90289021 39.25844955
v -1.00430501 -11.90289021 39.10588837
v 0.60898930 -13.90289021 39.20729828
v -0.20406920 -11.90289021 39.25854111
v 1.38378298 -13.90287971 38.95555115
v 0.60898930 -11.90289021 39.20738983
v 2.07162809 -13.90285969 38.51903152
v 1.38378298 -11.90287971 38.95563889
v 2.62930489 -13.90283012 37.92517090
v 2.07162809 -11.90285969 38.51911926
v 3.02177405 -13.90279961 37.21126938
v 2.62930489 -11.90283012 37.92525864
v 3.02177405 -11.90279961 37.21136093
v 3.22437310 -13.90277004 36.42219925
v 3.22437310 -11.90277004 36.42229080
v 3.22437310 -13.90272999 35.60752869
v 3.22437310 -11.90272999 35.60762024
v 3.02177405 -13.90268993 34.81845856
v 3.02177405 -11.90268993 34.81855011
v 2.62930489 -13.90266037 34.10456085
v 2.07162809 -13.90264034 33.51070023
v 2.62930489 -11.90266037 34.10464859
v 1.38378298 -13.90262032 33.07418060
v 2.07162809 -11.90264034 33.51079178
v 0.60898930 -13.90260983 32.82242966
v 1.38378298 -11.90262032 33.07426834
v -0.20406920 -13.90260029 32.77127838
v 0.60898930 -11.90260983 32.82252121
v -1.00430501 -13.90260983 32.92393112
v -0.20406920 -11.90260029 32.77136993
v -1.74143696 -13.90262985 33.27080154
v -1.00430501 -11.90260983 32.92401886
v -0.10674390 -18.90266991 34.31800079
v 0.31854820 -18.90266991 34.34474945
v -0.10674390 -13.90266991 34.31821823
v 0.31854820 -13.90266991 34.34497833
v -0.52532887 -18.90267944 34.39785004
v -0.52532887 -13.90268040 34.39807129
v -0.91090560 -18.90267944 34.57928085
v -0.91090560 -13.90268040 34.57950974
v -1.64659095 -18.90276909 36.43741989
v -1.70000005 -18.90275002 36.01464081
v -1.64659095 -13.90277004 36.43764114
v -1.70000005 -13.90275002 36.01485825
v -1.23924696 -18.90270042 34.85091019
v -1.23924696 -13.90270042 34.85113144
v -1.48972094 -18.90278053 36.83361816
v -1.48972094 -13.90277958 36.83385086
v -1.48972094 -18.90270996 35.19565964
v -1.48972094 -13.90270996 35.19588089
v -1.23924696 -18.90279961 37.17837143
v -1.23924696 -13.90279961 37.17860031
v -1.64659095 -18.90273094 35.59186935
v -1.64659095 -13.90272999 35.59209061
v -0.91090560 -18.90280914 37.45000076
v -0.91090560 -13.90281010 37.45021820
v -0.52532887 -18.90282059 37.63143921
v -0.52532887 -13.90281963 37.63166046
v -0.10674390 -18.90282059 37.71128845
v -0.10674390 -13.90281963 37.71150970
v 0.31854820 -18.90282059 37.68452835
v 0.31854820 -13.90281963 37.68474960
v 0.72382480 -18.90282059 37.55284882
v 0.72382480 -13.90281963 37.55307007
v 1.08362103 -18.90280914 37.32450867
v 1.08362103 -13.90281010 37.32474136
v 1.37532902 -18.90279007 37.01388168
v 1.37532902 -13.90279007 37.01409912
v 1.58062005 -18.90278053 36.64044952
v 1.58062005 -13.90277958 36.64067841
v 1.68659496 -13.90275955 36.22792816
v 1.68659496 -18.90275955 36.22771072
v 1.68659496 -13.90273952 35.80179977
v 1.68659496 -18.90274048 35.80157852
v 1.58062005 -13.90272045 35.38904953
v 1.58062005 -18.90271950 35.38882828
v 1.37532902 -18.90270042 35.01541138
v 1.37532902 -13.90270042 35.01562881
v 1.08362103 -18.90269089 34.70476913
v 1.08362103 -13.90268993 34.70499039
v 0.72382480 -18.90267944 34.47644043
v 0.72382480 -13.90268040 34.47666168
v -2.84799695 -13.90196991 18.44916916
v -2.36914802 -13.90194035 17.79009056
v -2.36914802 -11.90194035 17.79018021
v -1.74143696 -11.90190983 17.27088928
v -3.14789510 -13.90207005 20.82311058
v -3.25000000 -13.90203953 20.01486015
v -3.25000000 -11.90203953 20.01494980
v -3.14789510 -13.90200043 19.20661926
v -2.84799695 -11.90196991 18.44924927
v -2.84799695 -13.90211010 21.58056068
v -3.14789510 -11.90207005 20.82320023
v -3.14789510 -11.90200043 19.20671082
v -2.36914802 -13.90213013 22.23963928
v -2.84799695 -11.90211010 21.58065033
v -1.74143696 -13.90215969 22.75893021
v -2.36914802 -11.90213013 22.23973083
v -1.00430501 -13.90217018 23.10580063
v -1.74143696 -11.90215969 22.75901985
v -0.20406920 -13.90217972 23.25844955
v -1.00430501 -11.90217018 23.10589027
v 0.60898930 -13.90217972 23.20730019
v -0.20406920 -11.90217972 23.25853920
v 1.38378298 -13.90217018 22.95554924
v 0.60898930 -11.90217972 23.20738983
v 2.07162809 -13.90215015 22.51902962
v 1.38378298 -11.90217018 22.95564079
v 2.62930489 -13.90211964 21.92517090
v 2.07162809 -11.90215015 22.51911926
v 3.02177405 -13.90209007 21.21126938
v 2.62930489 -11.90211964 21.92526054
v 3.02177405 -11.90209007 21.21136093
v 3.22437310 -13.90205002 20.42219925
v 3.22437310 -11.90205002 20.42229080
v 3.22437310 -13.90202045 19.60753059
v 3.22437310 -11.90202045 19.60762024
v 3.02177405 -13.90198040 18.81846046
v 3.02177405 -11.90198040 18.81855011
v 2.62930489 -13.90194988 18.10456085
v 2.07162809 -13.90192032 17.51070023
v 2.62930489 -11.90194988 18.10465050
v 1.38378298 -13.90190029 17.07418060
v 2.07162809 -11.90192032 17.51078987
v 0.60898930 -13.90188980 16.82242966
v 1.38378298 -11.90190029 17.07427025
v -0.20406920 -13.90188980 16.77128029
v 0.60898930 -11.90188980 16.82251930
v -1.00430501 -13.90190029 16.92392921
v -0.20406920 -11.90188980 16.77136993
v -1.74143696 -13.90190983 17.27079964
v -1.00430501 -11.90190029 16.92402077
v -0.10674390 -18.90196037 18.31800079
v 0.31854820 -18.90196037 18.34474945
v -0.10674390 -13.90196037 18.31822014
v 0.31854820 -13.90196037 18.34498024
v -0.52532887 -18.90196037 18.39785004
v -0.52532887 -13.90196037 18.39806938
v -0.91090560 -18.90196991 18.57928085
v -0.91090560 -13.90196991 18.57950974
v -1.64659095 -18.90205002 20.43741989
v -1.70000005 -18.90204048 20.01464081
v -1.64659095 -13.90205002 20.43763924
v -1.70000005 -13.90203953 20.01486015
v -1.23924696 -18.90197945 18.85091019
v -1.23924696 -13.90198040 18.85112953
v -1.48972094 -18.90206909 20.83362007
v -1.48972094 -13.90207005 20.83385086
v -1.48972094 -18.90200043 19.19565964
v -1.48972094 -13.90200043 19.19588089
v -1.23924696 -18.90209007 21.17836952
v -1.23924696 -13.90209007 21.17860031
v -1.64659095 -18.90201950 19.59186935
v -1.64659095 -13.90202045 19.59209061
v -0.91090560 -18.90209961 21.45000076
v -0.91090560 -13.90209961 21.45022011
v -0.52532887 -18.90210915 21.63143921
v -0.52532887 -13.90211010 21.63166046
v -0.10674390 -18.90210915 21.71129036
v -0.10674390 -13.90211010 21.71150970
v 0.31854820 -18.90210915 21.68453026
v 0.31854820 -13.90211010 21.68474960
v 0.72382480 -18.90209961 21.55285072
v 0.72382480 -13.90209961 21.55307007
v 1.08362103 -18.90209007 21.32451057
v 1.08362103 -13.90209007 21.32473946
v 1.37532902 -18.90208054 21.01387978
v 1.37532902 -13.90207958 21.01409912
v 1.58062005 -18.90205956 20.64044952
v 1.58062005 -13.90205956 20.64068031
v 1.68659496 -13.90203953 20.22793007
v 1.68659496 -18.90204048 20.22771072
v 1.68659496 -13.90202999 19.80179977
v 1.68659496 -18.90203094 19.80158043
v 1.58062005 -13.90200996 19.38904953
v 1.58062005 -18.90200996 19.38883018
v 1.37532902 -18.90199089 19.01540947
v 1.37532902 -13.90198994 19.01563072
v 1.08362103 -18.90197945 18.70476913
v 1.08362103 -13.90198040 18.70499039
v 0.72382480 -18.90196991 18.47644043
v 0.72382480 -13.90196991 18.47665977
v 0.80374020 -11.90233994 26.74846077
v 0.46352550 -18.90233040 26.58806038
v 0.80374020 -18.90233994 26.74814987
v 1.31446004 -11.90235996 27.29232025
v 1.09345305 -11.90235043 26.98813057
v 1.09345305 -18.90234947 26.98781967
v 1.45287502 -11.90240955 28.38799095
v 1.50000000 -11.90238953 28.01494980
v 1.50000000 -18.90238953 28.01464081
v 1.45287502 -11.90237045 27.64192009
v 1.31446004 -18.90236092 27.29200935
v 1.31446004 -11.90242004 28.73757935
v 1.45287502 -18.90241051 28.38768005
v 1.45287502 -18.90237045 27.64160919
v 1.09345305 -11.90244007 29.04177094
v 1.31446004 -18.90242004 28.73727036
v 0.80374020 -11.90244961 29.28145027
v 1.09345305 -18.90243912 29.04146004
v 0.46352550 -11.90246010 29.44153976
v 0.80374020 -18.90245056 29.28112984
v 0.09418578 -11.90246010 29.51198959
v 0.46352550 -18.90246010 29.44123077
v -0.28107199 -11.90246010 29.48838043
v 0.09418578 -18.90246010 29.51168060
v -0.63866889 -11.90244961 29.37219048
v -0.28107199 -18.90246010 29.48806953
v -0.95613599 -11.90244007 29.17071915
v -0.63866889 -18.90245056 29.37187958
v -1.21352506 -11.90242958 28.89662933
v -0.95613599 -18.90243912 29.17041016
v -1.39466500 -11.90242004 28.56714058
v -1.21352506 -18.90242958 28.89632034
v -1.48817205 -11.90240002 28.20294952
v -1.39466500 -18.90242004 28.56682968
v -1.48817205 -18.90239906 28.20264053
v -1.48817205 -11.90237999 27.82695007
v -1.48817205 -18.90237999 27.82663918
v -1.39466500 -11.90237045 27.46277046
v -1.39466500 -18.90237045 27.46245956
v -1.21352506 -11.90235043 27.13327980
v -0.95613599 -11.90233994 26.85918045
v -1.21352506 -18.90234947 27.13295937
v -0.63866889 -11.90233040 26.65770912
v -0.95613599 -18.90233994 26.85886955
v -0.28107199 -11.90233040 26.54151917
v -0.63866889 -18.90233040 26.65740013
v 0.09418578 -11.90231991 26.51791000
v -0.28107199 -18.90233040 26.54121017
v 0.46352550 -11.90233040 26.58836937
v 0.09418578 -18.90232086 26.51759911
v -7.00000000 4.93862486 -0.78101438
v -7.50000000 4.81456184 -1.34907305
v -7.50000000 4.93862486 -0.78101438
v -7.00000000 4.81456184 -1.34907305
v -7.00000000 4.99590206 -0.20239410
v -7.50000000 4.99590206 -0.20239410
v -7.00000000 4.98561811 0.37896320
v -7.50000000 4.98561811 0.37896320
v -7.00000000 4.90791178 0.95519572
v -7.50000000 4.90791178 0.95519572
v -7.50000000 4.76383495 1.51851106
v -7.00000000 4.76383495 1.51851106
v -7.00000000 4.55533504 2.06129098
v -7.50000000 4.55533504 2.06129098
v -7.50000000 4.28523302 2.57619500
v -7.00000000 4.28523302 2.57619500
v -7.00000000 3.95717907 3.05626106
v -7.50000000 3.95717907 3.05626106
v -7.50000000 3.57561207 3.49499607
v -7.00000000 3.57561207 3.49499607
v -7.50000000 3.14569092 3.88646698
v -7.00000000 3.14569092 3.88646698
v -7.50000000 2.67322898 4.22538090
v -7.00000000 2.67322898 4.22538090
v -7.00000000 2.16461706 4.50715303
v -7.50000000 2.16461706 4.50715303
v -7.50000000 1.62673199 4.72797394
v -7.00000000 1.62673199 4.72797394
v -7.50000000 1.06684899 4.88485813
v -7.00000000 1.06684899 4.88485813
v -7.50000000 0.49253759 4.97568178
v -7.00000000 0.49253759 4.97568178
v -7.00000000 -0.08843417 4.99921799
v -7.50000000 -0.08843417 4.99921799
v -7.00000000 -0.66821003 4.95514822
v -7.50000000 -0.66821003 4.95514822
v -7.00000000 -1.23894894 4.84406900
v -7.50000000 -1.23894894 4.84406900
v -7.50000000 -1.79293394 4.66748190
v -7.00000000 -1.79293394 4.66748190
v -7.50000000 -2.32267308 4.42777491
v -7.00000000 -2.32267308 4.42777491
v -7.50000000 -2.82100105 4.12819004
v -7.00000000 -2.82100105 4.12819004
v -7.50000000 -3.28117990 3.77277899
v -7.00000000 -3.28117990 3.77277899
v -7.50000000 -3.69698691 3.36634707
v -7.00000000 -3.69698691 3.36634707
v -7.00000000 -4.06279802 2.91439104
v -7.50000000 -4.06279802 2.91439104
v -7.50000000 -4.37366676 2.42302299
v -7.00000000 -4.37366676 2.42302299
v -7.50000000 -4.62538910 1.89888704
v -7.00000000 -4.62538910 1.89888704
v -7.50000000 -4.81456184 1.34907305
v -7.00000000 -4.81456184 1.34907305
v -7.50000000 -4.93862486 0.78101438
v -7.00000000 -4.93862486 0.78101438
v -7.50000000 -4.99590206 0.20239410
v -7.00000000 -4.99590206 0.20239410
v -7.50000000 -4.98561811 -0.37896320
v -7.00000000 -4.98561811 -0.37896320
v -7.50000000 -4.90791178 -0.95519572
v -7.00000000 -4.90791178 -0.95519572
v -7.50000000 -4.76383495 -1.51851106
v -7.00000000 -4.76383495 -1.51851106
v -7.50000000 -4.55533504 -2.06129098
v -7.00000000 -4.55533504 -2.06129098
v -7.50000000 -4.28523302 -2.57619500
v -7.00000000 -4.28523302 -2.57619500
v -7.50000000 -3.95717907 -3.05626106
v -7.00000000 -3.95717907 -3.05626106
v -7.50000000 -3.57561207 -3.49499607
v -7.00000000 -3.57561207 -3.49499607
v -7.50000000 -3.14569092 -3.88646698
v -7.00000000 -3.14569092 -3.88646698
v -7.50000000 -2.67322898 -4.22538090
v -7.00000000 -2.67322898 -4.22538090
v -7.00000000 -2.16461706 -4.50715303
v -7.50000000 -2.16461706 -4.50715303
v -7.00000000 -1.62673199 -4.72797394
v -7.50000000 -1.62673199 -4.72797394
v -7.50000000 -1.06684899 -4.88485813
v -7.00000000 -1.06684899 -4.88485813
v -7.50000000 -0.49253759 -4.97568178
v -7.00000000 -0.49253759 -4.97568178
v -7.00000000 0.08843417 -4.99921799
v -7.50000000 0.08843417 -4.99921799
v -7.50000000 0.66821003 -4.95514822
v -7.00000000 0.66821003 -4.95514822
v -7.00000000 1.23894894 -4.84406900
v -7.50000000 1.23894894 -4.84406900
v -7.50000000 1.79293394 -4.66748190
v -7.00000000 1.79293394 -4.66748190
v -7.00000000 2.32267308 -4.42777491
v -7.50000000 2.32267308 -4.42777491
v -7.00000000 2.82100105 -4.12819004
v -7.50000000 2.82100105 -4.12819004
v -7.50000000 3.28117990 -3.77277899
v -7.00000000 3.28117990 -3.77277899
v -7.00000000 3.69698691 -3.36634707
v -7.50000000 3.69698691 -3.36634707
v -7.50000000 4.06279802 -2.91439104
v -7.00000000 4.06279802 -2.91439104
v -7.00000000 4.37366676 -2.42302299
v -7.50000000 4.37366676 -2.42302299
v -7.50000000 4.62538910 -1.89888704
v -7.00000000 4.62538910 -1.89888704
v 7.00000000 -4.96410608 -0.59803659
v 7.50000000 -4.96410608 -0.59803659
v 7.50000000 -4.99996901 -0.01769533
v 7.00000000 -4.99996901 -0.01769533
v 7.50000000 -4.96821499 0.56288528
v 7.00000000 -4.96821499 0.56288528
v 7.50000000 -4.86927509 1.13585401
v 7.00000000 -4.86927509 1.13585401
v 7.50000000 -4.70448589 1.69346201
v 7.00000000 -4.70448589 1.69346201
v 7.50000000 -4.47607708 2.22816896
v 7.00000000 -4.47607708 2.22816896
v 7.50000000 -4.18713713 2.73274302
v 7.00000000 -4.18713713 2.73274302
v 7.50000000 -3.84157300 3.20036292
v 7.00000000 -3.84157300 3.20036292
v 7.50000000 -3.44405794 3.62470198
v 7.00000000 -3.44405794 3.62470198
v 7.50000000 -2.99996805 4.00002384
v 7.00000000 -2.99996805 4.00002384
v 7.50000000 -2.51530910 4.32125187
v 7.00000000 -2.51530910 4.32125187
v 7.50000000 -1.99663496 4.58404303
v 7.00000000 -1.99663496 4.58404303
v 7.50000000 -1.45095897 4.78484201
v 7.00000000 -1.45095897 4.78484201
v 7.50000000 -0.88566202 4.92093515
v 7.00000000 -0.88566202 4.92093515
v 7.50000000 -0.30838770 4.99048090
v 7.00000000 -0.30838770 4.99048090
v 7.50000000 0.27305689 4.99253798
v 7.00000000 0.27305689 4.99253798
v 7.50000000 0.85080898 4.92708111
v 7.00000000 0.85080898 4.92708111
v 7.50000000 1.41705501 4.79499292
v 7.00000000 1.41705501 4.79499292
v 7.50000000 1.96413803 4.59806108
v 7.00000000 1.96413803 4.59806108
v 7.50000000 2.48465991 4.33894777
v 7.00000000 2.48465991 4.33894777
v 7.50000000 2.97158003 4.02115822
v 7.00000000 2.97158003 4.02115822
v 7.50000000 3.41831589 3.64898896
v 7.00000000 3.41831589 3.64898896
v 7.50000000 3.81882405 3.22747302
v 7.00000000 3.81882405 3.22747302
v 7.50000000 4.16768885 2.76231194
v 7.00000000 4.16768885 2.76231194
v 7.50000000 4.46019411 2.25979495
v 7.00000000 4.46019411 2.25979495
v 7.50000000 4.69238186 1.72671795
v 7.00000000 4.69238186 1.72671795
v 7.50000000 4.86111307 1.17028999
v 7.00000000 4.86111307 1.17028999
v 7.50000000 4.96410608 0.59803659
v 7.00000000 4.96410608 0.59803659
v 7.50000000 4.99996901 0.01769533
v 7.00000000 4.99996901 0.01769533
v 7.50000000 4.96821499 -0.56288528
v 7.00000000 4.96821499 -0.56288528
v 7.50000000 4.86927509 -1.13585401
v 7.00000000 4.86927509 -1.13585401
v 7.50000000 4.70448589 -1.69346201
v 7.00000000 4.70448589 -1.69346201
v 7.50000000 4.47607708 -2.22816896
v 7.00000000 4.47607708 -2.22816896
v 7.50000000 4.18713713 -2.73274302
v 7.00000000 4.18713713 -2.73274302
v 7.50000000 3.84157300 -3.20036292
v 7.00000000 3.84157300 -3.20036292
v 7.50000000 3.44405794 -3.62470198
v 7.00000000 3.44405794 -3.62470198
v 7.50000000 2.99996805 -4.00002384
v 7.00000000 2.99996805 -4.00002384
v 7.50000000 2.51530910 -4.32125187
v 7.00000000 2.51530910 -4.32125187
v 7.50000000 1.99663496 -4.58404303
v 7.00000000 1.99663496 -4.58404303
v 7.50000000 1.45095897 -4.78484201
v 7.00000000 1.45095897 -4.78484201
v 7.50000000 0.88566202 -4.92093515
v 7.00000000 0.88566202 -4.92093515
v 7.50000000 0.30838770 -4.99048090
v 7.00000000 0.30838770 -4.99048090
v 7.50000000 -0.27305689 -4.99253798
v 7.00000000 -0.27305689 -4.99253798
v 7.50000000 -0.85080898 -4.92708111
v 7.00000000 -0.85080898 -4.92708111
v 7.50000000 -1.41705501 -4.79499292
v 7.00000000 -1.41705501 -4.79499292
v 7.50000000 -1.96413803 -4.59806108
v 7.00000000 -1.96413803 -4.59806108
v 7.50000000 -2.48465991 -4.33894777
v 7.00000000 -2.48465991 -4.33894777
v 7.50000000 -2.97158003 -4.02115822
v 7.00000000 -2.97158003 -4.02115822
v 7.50000000 -3.41831589 -3.64898896
v 7.00000000 -3.41831589 -3.64898896
v 7.50000000 -3.81882405 -3.22747302
v 7.00000000 -3.81882405 -3.22747302
v 7.50000000 -4.16768885 -2.76231194
v 7.00000000 -4.16768885 -2.76231194
v 7.50000000 -4.46019411 -2.25979495
v 7.00000000 -4.46019411 -2.25979495
v 7.00000000 -4.69238186 -1.72671795
v 7.50000000 -4.69238186 -1.72671795
v 7.50000000 -4.86111307 -1.17028999
v 7.00000000 -4.86111307 -1.17028999
v 7.00000000 -22.86553955 5.91664982
v 7.50000000 -22.86553955 5.91664982
v 7.50000000 -22.90139961 6.49699211
v 7.00000000 -22.90139961 6.49699211
v 7.50000000 -22.86964989 7.07757187
v 7.00000000 -22.86964989 7.07757187
v 7.50000000 -22.77070999 7.65054083
v 7.00000000 -22.77070999 7.65054083
v 7.50000000 -22.60592079 8.20814896
v 7.00000000 -22.60592079 8.20814896
v 7.50000000 -22.37751007 8.74285603
v 7.00000000 -22.37751007 8.74285603
v 7.50000000 -22.08856964 9.24742985
v 7.00000000 -22.08856964 9.24742985
v 7.50000000 -21.74300957 9.71504879
v 7.00000000 -21.74300957 9.71504879
v 7.50000000 -21.34548950 10.13938999
v 7.00000000 -21.34548950 10.13938999
v 7.50000000 -20.90139961 10.51471043
v 7.00000000 -20.90139961 10.51471043
v 7.50000000 -20.41674042 10.83594036
v 7.00000000 -20.41674042 10.83594036
v 7.50000000 -19.89806938 11.09873009
v 7.00000000 -19.89806938 11.09873009
v 7.50000000 -19.35239029 11.29953003
v 7.00000000 -19.35239029 11.29953003
v 7.50000000 -18.78709984 11.43562031
v 7.00000000 -18.78709984 11.43562031
v 7.50000000 -18.20981979 11.50516987
v 7.00000000 -18.20981979 11.50516987
v 7.50000000 -17.62837982 11.50722980
v 7.00000000 -17.62837982 11.50722980
v 7.50000000 -17.05063057 11.44176960
v 7.00000000 -17.05063057 11.44176960
v 7.50000000 -16.48438072 11.30967999
v 7.00000000 -16.48438072 11.30967999
v 7.50000000 -15.93729973 11.11275005
v 7.00000000 -15.93729973 11.11275005
v 7.50000000 -15.41676998 10.85363007
v 7.00000000 -15.41676998 10.85363007
v 7.50000000 -14.92984962 10.53584003
v 7.00000000 -14.92984962 10.53584003
v 7.50000000 -14.48311996 10.16368008
v 7.00000000 -14.48311996 10.16368008
v 7.50000000 -14.08261013 9.74215984
v 7.00000000 -14.08261013 9.74215984
v 7.50000000 -13.73375034 9.27699947
v 7.00000000 -13.73375034 9.27699947
v 7.50000000 -13.44124031 8.77448177
v 7.00000000 -13.44124031 8.77448177
v 7.50000000 -13.20905018 8.24140453
v 7.00000000 -13.20905018 8.24140453
v 7.50000000 -13.04032040 7.68497705
v 7.00000000 -13.04032040 7.68497705
v 7.50000000 -12.93733025 7.11272383
v 7.00000000 -12.93733025 7.11272383
v 7.50000000 -12.90147018 6.53238201
v 7.00000000 -12.90147018 6.53238201
v 7.50000000 -12.93321991 5.95180178
v 7.00000000 -12.93321991 5.95180178
v 7.50000000 -13.03215981 5.37883282
v 7.00000000 -13.03215981 5.37883282
v 7.50000000 -13.19694996 4.82122517
v 7.00000000 -13.19694996 4.82122517
v 7.50000000 -13.42535973 4.28651810
v 7.00000000 -13.42535973 4.28651810
v 7.50000000 -13.71430016 3.78194308
v 7.00000000 -13.71430016 3.78194308
v 7.50000000 -14.05986023 3.31432390
v 7.00000000 -14.05986023 3.31432390
v 7.50000000 -14.45738029 2.88998508
v 7.00000000 -14.45738029 2.88998508
v 7.50000000 -14.90147018 2.51466298
v 7.00000000 -14.90147018 2.51466298
v 7.50000000 -15.38613033 2.19343495
v 7.00000000 -15.38613033 2.19343495
v 7.50000000 -15.90480042 1.93064404
v 7.00000000 -15.90480042 1.93064404
v 7.50000000 -16.45047951 1.72984397
v 7.00000000 -16.45047951 1.72984397
v 7.50000000 -17.01576996 1.59375203
v 7.00000000 -17.01576996 1.59375203
v 7.50000000 -17.59305000 1.52420604
v 7.00000000 -17.59305000 1.52420604
v 7.50000000 -18.17448997 1.52214801
v 7.00000000 -18.17448997 1.52214801
v 7.50000000 -18.75223923 1.58760595
v 7.00000000 -18.75223923 1.58760595
v 7.50000000 -19.31848907 1.71969402
v 7.00000000 -19.31848907 1.71969402
v 7.50000000 -19.86557007 1.91662598
v 7.00000000 -19.86557007 1.91662598
v 7.50000000 -20.38608932 2.17573905
v 7.00000000 -20.38608932 2.17573905
v 7.50000000 -20.87301064 2.49352908
v 7.00000000 -20.87301064 2.49352908
v 7.50000000 -21.31974983 2.86569810
v 7.00000000 -21.31974983 2.86569810
v 7.50000000 -21.72026062 3.28721404
v 7.00000000 -21.72026062 3.28721404
v 7.50000000 -22.06912041 3.75237489
v 7.00000000 -22.06912041 3.75237489
v 7.50000000 -22.36162949 4.25489187
v 7.00000000 -22.36162949 4.25489187
v 7.50000000 -22.59382057 4.78796911
v 7.00000000 -22.59382057 4.78796911
v 7.50000000 -22.76255035 5.34439611
v 7.00000000 -22.76255035 5.34439611
v -7.00000000 -12.96280956 5.73367214
v -7.50000000 -13.08687019 5.16561413
v -7.50000000 -12.96280956 5.73367214
v -7.00000000 -13.08687019 5.16561413
v -7.00000000 -12.90552998 6.31229305
v -7.50000000 -12.90552998 6.31229305
v -7.00000000 -12.91582012 6.89365005
v -7.50000000 -12.91582012 6.89365005
v -7.00000000 -12.99351978 7.46988297
v -7.50000000 -12.99351978 7.46988297
v -7.00000000 -13.13759995 8.03319836
v -7.50000000 -13.13759995 8.03319836
v -7.00000000 -13.34609985 8.57597828
v -7.50000000 -13.34609985 8.57597828
v -7.00000000 -13.61620045 9.09088230
v -7.50000000 -13.61620045 9.09088230
v -7.00000000 -13.94425964 9.57094765
v -7.50000000 -13.94425964 9.57094765
v -7.00000000 -14.32581997 10.00967979
v -7.50000000 -14.32581997 10.00967979
v -7.00000000 -14.75574017 10.40114975
v -7.50000000 -14.75574017 10.40114975
v -7.00000000 -15.22819996 10.74007034
v -7.50000000 -15.22819996 10.74007034
v -7.00000000 -15.73682022 11.02184010
v -7.50000000 -15.73682022 11.02184010
v -7.00000000 -16.27470016 11.24265957
v -7.50000000 -16.27470016 11.24265957
v -7.00000000 -16.83459091 11.39953995
v -7.50000000 -16.83459091 11.39953995
v -7.00000000 -17.40889931 11.49036980
v -7.50000000 -17.40889931 11.49036980
v -7.00000000 -17.98987007 11.51389980
v -7.50000000 -17.98987007 11.51389980
v -7.00000000 -18.56963921 11.46984005
v -7.50000000 -18.56963921 11.46984005
v -7.00000000 -19.14038086 11.35875988
v -7.50000000 -19.14038086 11.35875988
v -7.00000000 -19.69437027 11.18216991
v -7.50000000 -19.69437027 11.18216991
v -7.00000000 -20.22410965 10.94246006
v -7.50000000 -20.22410965 10.94246006
v -7.00000000 -20.72244072 10.64288044
v -7.50000000 -20.72244072 10.64288044
v -7.00000000 -21.18260956 10.28746986
v -7.50000000 -21.18260956 10.28746986
v -7.00000000 -21.59841919 9.88103390
v -7.50000000 -21.59841919 9.88103390
v -7.00000000 -21.96422958 9.42907810
v -7.50000000 -21.96422958 9.42907810
v -7.00000000 -22.27510071 8.93770981
v -7.50000000 -22.27510071 8.93770981
v -7.00000000 -22.52681923 8.41357422
v -7.50000000 -22.52681923 8.41357422
v -7.00000000 -22.71599960 7.86375999
v -7.50000000 -22.71599960 7.86375999
v -7.00000000 -22.84005928 7.29570103
v -7.50000000 -22.84005928 7.29570103
v -7.00000000 -22.89734077 6.71708107
v -7.50000000 -22.89734077 6.71708107
v -7.00000000 -22.88705063 6.13572407
v -7.50000000 -22.88705063 6.13572407
v -7.00000000 -22.80934906 5.55949116
v -7.50000000 -22.80934906 5.55949116
v -7.00000000 -22.66526985 4.99617577
v -7.50000000 -22.66526985 4.99617577
v -7.00000000 -22.45676994 4.45339584
v -7.50000000 -22.45676994 4.45339584
v -7.00000000 -22.18667030 3.93849206
v -7.50000000 -22.18667030 3.93849206
v -7.00000000 -21.85861015 3.45842600
v -7.50000000 -21.85861015 3.45842600
v -7.00000000 -21.47705078 3.01969099
v -7.50000000 -21.47705078 3.01969099
v -7.00000000 -21.04713058 2.62821889
v -7.50000000 -21.04713058 2.62821889
v -7.00000000 -20.57465935 2.28930593
v -7.50000000 -20.57465935 2.28930593
v -7.00000000 -20.06604958 2.00753307
v -7.50000000 -20.06604958 2.00753307
v -7.00000000 -19.52816963 1.78671205
v -7.50000000 -19.52816963 1.78671205
v -7.00000000 -18.96828079 1.62982905
v -7.50000000 -18.96828079 1.62982905
v -7.00000000 -18.39397049 1.53900504
v -7.50000000 -18.39397049 1.53900504
v -7.00000000 -17.81299973 1.51546896
v -7.50000000 -17.81299973 1.51546896
v -7.00000000 -17.23321915 1.55953896
v -7.50000000 -17.23321915 1.55953896
v -7.00000000 -16.66249084 1.67061806
v -7.50000000 -16.66249084 1.67061806
v -7.00000000 -16.10849953 1.84720504
v -7.50000000 -16.10849953 1.84720504
v -7.00000000 -15.57876015 2.08691192
v -7.50000000 -15.57876015 2.08691192
v -7.00000000 -15.08043003 2.38649702
v -7.50000000 -15.08043003 2.38649702
v -7.00000000 -14.62024975 2.74190807
v -7.50000000 -14.62024975 2.74190807
v -7.00000000 -14.20444965 3.14833999
v -7.50000000 -14.20444965 3.14833999
v -7.00000000 -13.83864021 3.60029602
v -7.50000000 -13.83864021 3.60029602
v -7.50000000 -13.52777004 4.09166384
v -7.00000000 -13.52777004 4.09166384
v -7.00000000 -13.27604961 4.61579990
v -7.50000000 -13.27604961 4.61579990
v -7.00000000 -11.90262032 33.19295120
v -7.00000000 -18.90262032 33.19263840
v -6.87059021 -18.90262032 33.20967865
v -6.87059021 -11.90262032 33.20999146
v -6.75000000 -11.90262985 33.25994110
v -6.64644718 -11.90262985 33.33940125
v -6.75000000 -18.90262985 33.25962830
v -6.56698704 -11.90262985 33.44295120
v -6.64644718 -18.90262985 33.33908844
v -6.51703691 -11.90264034 33.56354141
v -6.56698704 -18.90262985 33.44263840
v -6.50000000 -11.90264034 33.69295120
v -6.51703691 -18.90263939 33.56322861
v -6.51703691 -11.90264988 33.82236099
v -6.50000000 -18.90263939 33.69263840
v -6.56698704 -11.90266037 33.94295120
v -6.51703691 -18.90265083 33.82204819
v -6.64644718 -11.90266037 34.04650879
v -6.56698704 -18.90266037 33.94263840
v -6.75000000 -11.90266037 34.12596893
v -6.64644718 -18.90266037 34.04619980
v -6.87059021 -11.90266991 34.17591858
v -6.75000000 -18.90266037 34.12565994
v -6.87059021 -18.90266991 34.17560959
v -7.00000000 -11.90266991 34.19295120
v -7.00000000 -18.90266991 34.19263840
v -6.87059021 -11.90244007 29.14599037
v -7.00000000 -11.90244007 29.12895012
v -7.00000000 -18.90243912 29.12863922
v -6.75000000 -11.90244007 29.19594002
v -6.87059021 -18.90243912 29.14567947
v -6.64644718 -11.90244961 29.27540016
v -6.75000000 -18.90243912 29.19562912
v -6.56698704 -11.90244961 29.37895012
v -6.64644718 -18.90245056 29.27508926
v -6.51703691 -11.90246010 29.49954033
v -6.56698704 -18.90245056 29.37863922
v -6.50000000 -11.90246010 29.62895012
v -6.51703691 -18.90246010 29.49922943
v -6.51703691 -11.90246964 29.75835991
v -6.50000000 -18.90246010 29.62863922
v -6.56698704 -11.90246964 29.87895012
v -6.51703691 -18.90246964 29.75805092
v -6.64644718 -11.90248013 29.98250961
v -6.56698704 -18.90246964 29.87863922
v -6.75000000 -11.90248013 30.06196976
v -6.64644718 -18.90247917 29.98220062
v -6.87059021 -11.90248013 30.11191940
v -6.75000000 -18.90247917 30.06166077
v -7.00000000 -11.90248966 30.12895012
v -6.87059021 -18.90247917 30.11161041
v -7.00000000 -18.90249062 30.12863922
v -7.00000000 4.31622410 -4.16775799
v 7.00000000 4.31622410 -4.16775799
v 7.00000000 3.85693002 -4.59609509
v -7.00000000 4.72822905 -3.69375801
v -7.00000000 3.85693002 -4.59609509
v 7.00000000 3.35537910 -4.97407579
v -7.00000000 3.35537910 -4.97407579
v 7.00000000 2.81706500 -5.29756021
v -7.00000000 2.62998700 5.39288092
v 7.00000000 2.05187011 5.63824701
v 7.00000000 2.62998700 5.39288092
v -7.00000000 2.05187011 5.63824701
v -7.00000000 2.81706500 -5.29756021
v 7.00000000 2.24788690 -5.56300306
v -7.00000000 3.17928910 5.08842993
v 7.00000000 3.17928910 5.08842993
v -7.00000000 2.24788690 -5.56300306
v 7.00000000 1.65408099 -5.76749706
v -7.00000000 3.69375801 4.72822905
v 7.00000000 3.69375801 4.72822905
v -7.00000000 1.65408099 -5.76749706
v 7.00000000 1.04215205 -5.90880013
v -7.00000000 4.16775799 4.31622410
v 7.00000000 4.16775799 4.31622410
v -7.00000000 1.04215205 -5.90880013
v 7.00000000 0.41880521 -5.98536587
v -7.00000000 4.59609509 3.85693002
v 7.00000000 4.59609509 3.85693002
v 7.00000000 4.97407579 3.35537910
v -7.00000000 0.41880521 -5.98536587
v 7.00000000 -0.20913020 -5.99635410
v -7.00000000 4.97407579 3.35537910
v 7.00000000 5.29756021 2.81706500
v -7.00000000 -0.20913020 -5.99635410
v 7.00000000 -0.83477420 -5.94164610
v -7.00000000 5.29756021 2.81706500
v 7.00000000 5.56300306 2.24788690
v -7.00000000 -0.83477420 -5.94164610
v 7.00000000 -1.45127201 -5.82183886
v -7.00000000 -1.45127201 -5.82183886
v -7.00000000 -2.05187011 -5.63824701
v 7.00000000 -2.05187011 -5.63824701
v -7.00000000 5.56300306 2.24788690
v 7.00000000 5.76749611 1.65408099
v -7.00000000 5.76749611 1.65408099
v 7.00000000 5.90880013 1.04215205
v -7.00000000 5.90880013 1.04215205
v 7.00000000 5.98536587 0.41880530
v -7.00000000 5.98536587 0.41880530
v 7.00000000 5.99635410 -0.20913000
v -7.00000000 5.99635410 -0.20913000
v 7.00000000 5.94164515 -0.83477408
v -7.00000000 5.94164515 -0.83477408
v 7.00000000 5.82183886 -1.45127201
v -7.00000000 5.82183886 -1.45127201
v 7.00000000 5.63824701 -2.05187011
v -7.00000000 5.63824701 -2.05187011
v 7.00000000 5.39288092 -2.62998700
v -7.00000000 5.39288092 -2.62998700
v 7.00000000 5.08842993 -3.17928910
v -7.00000000 5.08842993 -3.17928910
v 7.00000000 4.72822905 -3.69375801
v 7.00000000 -23.90143013 6.51442003
v 7.00000000 -22.90139961 6.49699211
v 7.00000000 -22.86964989 7.07757187
v 7.00000000 -23.85667992 5.78320599
v 7.00000000 -22.77070999 7.65054083
v 7.00000000 -22.60592079 8.20814896
v 7.00000000 -18.90175056 13.51463985
v 7.00000000 -19.35239029 11.29953003
v 7.00000000 -18.78709984 11.43562031
v 7.00000000 -19.89806938 11.09873009
v 7.00000000 -20.41674042 10.83594036
v 7.00000000 -16.48438072 11.30967999
v 7.00000000 -11.86040974 15.50477982
v 7.00000000 -11.90186977 16.31785965
v 7.00000000 -17.05063057 11.44176960
v 7.00000000 -17.62837982 11.50722980
v 7.00000000 3.44405794 -3.62470198
v 7.00000000 3.85693002 -4.59609509
v 7.00000000 4.31622410 -4.16775799
v 7.00000000 -18.20981979 11.50516987
v 7.00000000 -23.90175056 13.51441956
v 7.00000000 -20.90139961 10.51471043
v 7.00000000 -21.34548950 10.13938999
v 7.00000000 -21.74300957 9.71504879
v 7.00000000 -22.08856964 9.24742985
v 7.00000000 -22.37751007 8.74285603
v 7.00000000 3.84157300 -3.20036292
v 7.00000000 4.72822905 -3.69375801
v 7.00000000 2.99996805 -4.00002384
v 7.00000000 3.35537910 -4.97407579
v 7.00000000 -18.90243912 29.12863922
v 7.00000000 -11.90244007 29.12895012
v 7.00000000 4.18713713 -2.73274302
v 7.00000000 5.08842993 -3.17928910
v 7.00000000 2.51530910 -4.32125187
v 7.00000000 2.81706500 -5.29756021
v 7.00000000 4.47607708 -2.22816896
v 7.00000000 5.39288092 -2.62998700
v 7.00000000 1.99663496 -4.58404303
v 7.00000000 2.24788690 -5.56300306
v 7.00000000 4.70448589 -1.69346201
v 7.00000000 5.63824701 -2.05187011
v 7.00000000 5.82183886 -1.45127201
v 7.00000000 1.45095897 -4.78484201
v 7.00000000 1.65408099 -5.76749706
v 7.00000000 4.86927509 -1.13585401
v 7.00000000 5.94164515 -0.83477408
v 7.00000000 0.88566202 -4.92093515
v 7.00000000 0.41880521 -5.98536587
v 7.00000000 1.04215205 -5.90880013
v 7.00000000 4.96821499 -0.56288528
v 7.00000000 5.99635410 -0.20913000
v 7.00000000 0.30838770 -4.99048090
v 7.00000000 -0.20913020 -5.99635410
v 7.00000000 4.99996901 0.01769533
v 7.00000000 5.98536587 0.41880530
v 7.00000000 -0.27305689 -4.99253798
v 7.00000000 -0.83477420 -5.94164610
v 7.00000000 4.96410608 0.59803659
v 7.00000000 5.90880013 1.04215205
v 7.00000000 -0.85080898 -4.92708111
v 7.00000000 -1.45127201 -5.82183886
v 7.00000000 4.86111307 1.17028999
v 7.00000000 5.76749611 1.65408099
v 7.00000000 -1.41705501 -4.79499292
v 7.00000000 -2.05187011 -5.63824701
v 7.00000000 4.69238186 1.72671795
v 7.00000000 5.56300306 2.24788690
v 7.00000000 -1.96413803 -4.59806108
v 7.00000000 4.46019411 2.25979495
v 7.00000000 5.29756021 2.81706500
v 7.00000000 -2.48465991 -4.33894777
v 7.00000000 4.16768885 2.76231194
v 7.00000000 4.97407579 3.35537910
v 7.00000000 -2.97158003 -4.02115822
v 7.00000000 3.81882405 3.22747302
v 7.00000000 4.59609509 3.85693002
v 7.00000000 -3.41831589 -3.64898896
v 7.00000000 4.16775799 4.31622410
v 7.00000000 3.41831589 3.64898896
v 7.00000000 -3.81882405 -3.22747302
v 7.00000000 3.69375801 4.72822905
v 7.00000000 2.97158003 4.02115822
v 7.00000000 3.17928910 5.08842993
v 7.00000000 2.48465991 4.33894777
v 7.00000000 2.62998700 5.39288092
v 7.00000000 1.96413803 4.59806108
v 7.00000000 2.05187011 5.63824701
v 7.00000000 1.41705501 4.79499292
v 7.00000000 0.85080898 4.92708111
v 7.00000000 0.27305689 4.99253798
v 7.00000000 -0.30838770 4.99048090
v 7.00000000 -6.63769722 8.80055332
v 7.00000000 -0.88566202 4.92093515
v 7.00000000 -1.45095897 4.78484201
v 7.00000000 -1.99663496 4.58404303
v 7.00000000 -2.51530910 4.32125187
v 7.00000000 -2.99996805 4.00002384
v 7.00000000 -3.44405794 3.62470198
v 7.00000000 -3.84157300 3.20036292
v 7.00000000 -4.18713713 2.73274302
v 7.00000000 -4.47607708 2.22816896
v 7.00000000 -14.45738029 2.88998508
v 7.00000000 -4.96410608 -0.59803659
v 7.00000000 -4.99996901 -0.01769533
v 7.00000000 -14.05986023 3.31432390
v 7.00000000 -4.96821499 0.56288528
v 7.00000000 -14.90147018 2.51466298
v 7.00000000 -4.86111307 -1.17028999
v 7.00000000 -13.71430016 3.78194308
v 7.00000000 -4.86927509 1.13585401
v 7.00000000 -15.38613033 2.19343495
v 7.00000000 -4.69238186 -1.72671795
v 7.00000000 -13.42535973 4.28651810
v 7.00000000 -4.70448589 1.69346201
v 7.00000000 -15.90480042 1.93064404
v 7.00000000 -4.46019411 -2.25979495
v 7.00000000 -13.19694996 4.82122517
v 7.00000000 -16.45047951 1.72984397
v 7.00000000 -4.16768885 -2.76231194
v 7.00000000 -13.03215981 5.37883282
v 7.00000000 -17.01576996 1.59375203
v 7.00000000 -12.93321991 5.95180178
v 7.00000000 -7.38758898 9.11753654
v 7.00000000 -12.90147018 6.53238201
v 7.00000000 -8.10138035 9.50909519
v 7.00000000 -12.93733025 7.11272383
v 7.00000000 -8.77167988 9.97117233
v 7.00000000 -13.04032040 7.68497705
v 7.00000000 -9.39154530 10.49897957
v 7.00000000 -19.95330048 0.87643993
v 7.00000000 -18.17448997 1.52214801
v 7.00000000 -18.75223923 1.58760595
v 7.00000000 -17.59305000 1.52420604
v 7.00000000 -19.31848907 1.71969402
v 7.00000000 -13.20905018 8.24140453
v 7.00000000 -9.95455647 11.08705997
v 7.00000000 -19.86557007 1.91662598
v 7.00000000 -20.62513924 1.16852701
v 7.00000000 -13.44124031 8.77448177
v 7.00000000 -20.38608932 2.17573905
v 7.00000000 -21.25637054 1.54031205
v 7.00000000 -13.73375034 9.27699947
v 7.00000000 -10.45487976 11.72931004
v 7.00000000 -20.87301064 2.49352908
v 7.00000000 -21.83758926 1.98625398
v 7.00000000 -14.08261013 9.74215984
v 7.00000000 -10.88733959 12.41909027
v 7.00000000 -21.31974983 2.86569810
v 7.00000000 -14.48311996 10.16368008
v 7.00000000 -11.24746037 13.14925003
v 7.00000000 -22.36012077 2.49970508
v 7.00000000 -21.72026062 3.28721404
v 7.00000000 -14.92984962 10.53584003
v 7.00000000 -11.53149986 13.91222954
v 7.00000000 -22.81619072 3.07300997
v 7.00000000 -22.06912041 3.75237489
v 7.00000000 -15.41676998 10.85363007
v 7.00000000 -23.19898987 3.69762206
v 7.00000000 -22.36162949 4.25489187
v 7.00000000 -15.93729973 11.11275005
v 7.00000000 -11.73651981 14.70013046
v 7.00000000 -23.50281906 4.36423016
v 7.00000000 -22.59382057 4.78796911
v 7.00000000 -23.72314072 5.06289577
v 7.00000000 -22.76255035 5.34439611
v 7.00000000 -22.86553955 5.91664982
v 7.00000000 -18.90266991 34.19263840
v 7.00000000 -11.90266991 34.19295120
v 7.00000000 -11.90289974 39.51494980
v 7.00000000 -18.90312958 44.51464081
v 7.00000000 -13.90312958 44.51485825
v -1.23924696 -18.90197945 18.85091019
v -7.00000000 -18.90175056 13.51463985
v -0.91090560 -18.90196991 18.57928085
v -1.48972094 -18.90200043 19.19565964
v -0.52532887 -18.90196037 18.39785004
v -1.64659095 -18.90201950 19.59186935
v -0.10674390 -18.90196037 18.31800079
v -1.70000005 -18.90204048 20.01464081
v -1.64659095 -18.90205002 20.43741989
v 7.00000000 -18.90175056 13.51463985
v 1.37532902 -18.90199089 19.01540947
v 1.08362103 -18.90197945 18.70476913
v 0.72382480 -18.90196991 18.47644043
v 0.31854820 -18.90196037 18.34474945
v 1.58062005 -18.90200996 19.38883018
v 1.68659496 -18.90203094 19.80158043
v 1.68659496 -18.90204048 20.22771072
v -7.00000000 -18.90243912 29.12863922
v -1.48972094 -18.90206909 20.83362007
v -6.87059021 -18.90243912 29.14567947
v -1.23924696 -18.90209007 21.17836952
v -0.91090560 -18.90209961 21.45000076
v -0.95613599 -18.90233994 26.85886955
v -6.75000000 -18.90243912 29.19562912
v -1.21352506 -18.90234947 27.13295937
v -0.63866889 -18.90233040 26.65740013
v -0.52532887 -18.90210915 21.63143921
v -6.64644718 -18.90245056 29.27508926
v -1.39466500 -18.90237045 27.46245956
v -7.00000000 -18.90249062 30.12863922
v -6.87059021 -18.90247917 30.11161041
v -7.00000000 -18.90262032 33.19263840
v -0.28107199 -18.90233040 26.54121017
v -0.10674390 -18.90210915 21.71129036
v -1.48817205 -18.90237999 27.82663918
v -6.56698704 -18.90245056 29.37863922
v -6.87059021 -18.90262032 33.20967865
v -6.75000000 -18.90247917 30.06166077
v -6.75000000 -18.90262985 33.25962830
v -6.64644718 -18.90247917 29.98220062
v 0.31854820 -18.90210915 21.68453026
v 0.09418578 -18.90232086 26.51759911
v -6.64644718 -18.90262985 33.33908844
v -6.56698704 -18.90246964 29.87863922
v -6.51703691 -18.90246010 29.49922943
v -1.48817205 -18.90239906 28.20264053
v -6.56698704 -18.90262985 33.44263840
v 0.46352550 -18.90233040 26.58806038
v 0.72382480 -18.90209961 21.55285072
v -1.39466500 -18.90242004 28.56682968
v -6.50000000 -18.90246010 29.62863922
v -6.51703691 -18.90246964 29.75805092
v 0.80374020 -18.90233994 26.74814987
v 1.08362103 -18.90209007 21.32451057
v -1.21352506 -18.90242958 28.89632034
v 1.09345305 -18.90234947 26.98781967
v 1.37532902 -18.90208054 21.01387978
v -0.95613599 -18.90243912 29.17041016
v 1.31446004 -18.90236092 27.29200935
v -6.51703691 -18.90263939 33.56322861
v -1.23924696 -18.90270042 34.85091019
v -6.50000000 -18.90263939 33.69263840
v -0.63866889 -18.90245056 29.37187958
v -0.91090560 -18.90267944 34.57928085
v -6.51703691 -18.90265083 33.82204819
v -1.48972094 -18.90270996 35.19565964
v -0.28107199 -18.90246010 29.48806953
v -0.52532887 -18.90267944 34.39785004
v -6.56698704 -18.90266037 33.94263840
v -1.64659095 -18.90273094 35.59186935
v 0.09418578 -18.90246010 29.51168060
v -0.10674390 -18.90266991 34.31800079
v -6.64644718 -18.90266037 34.04619980
v -1.70000005 -18.90275002 36.01464081
v -6.75000000 -18.90266037 34.12565994
v 0.46352550 -18.90246010 29.44123077
v 0.31854820 -18.90266991 34.34474945
v -6.87059021 -18.90266991 34.17560959
v -1.64659095 -18.90276909 36.43741989
v 0.80374020 -18.90245056 29.28112984
v 0.72382480 -18.90267944 34.47644043
v -1.48972094 -18.90278053 36.83361816
v 1.08362103 -18.90269089 34.70476913
v 1.09345305 -18.90243912 29.04146004
v 1.50000000 -18.90238953 28.01464081
v 1.45287502 -18.90237045 27.64160919
v 6.64644718 -18.90245056 29.27508926
v 6.75000000 -18.90243912 29.19562912
v 6.56698704 -18.90245056 29.37863922
v 6.87059021 -18.90243912 29.14567947
v 1.45287502 -18.90241051 28.38768005
v 6.51703691 -18.90246010 29.49922943
v 1.31446004 -18.90242004 28.73727036
v 6.50000000 -18.90246010 29.62863922
v 7.00000000 -18.90243912 29.12863922
v 1.58062005 -18.90205956 20.64044952
v 6.51703691 -18.90246964 29.75805092
v 6.56698704 -18.90246964 29.87863922
v -7.00000000 -18.90312958 44.51464081
v -7.00000000 -18.90266991 34.19263840
v -1.23924696 -18.90279961 37.17837143
v -0.91090560 -18.90280914 37.45000076
v -0.52532887 -18.90282059 37.63143921
v -0.10674390 -18.90282059 37.71128845
v 6.56698704 -18.90262985 33.44263840
v 6.64644718 -18.90247917 29.98220062
v 6.64644718 -18.90262985 33.33908844
v 6.75000000 -18.90262985 33.25962830
v 6.75000000 -18.90247917 30.06166077
v 6.87059021 -18.90247917 30.11161041
v 6.87059021 -18.90262032 33.20967865
v 6.51703691 -18.90263939 33.56322861
v 1.37532902 -18.90270042 35.01541138
v 1.58062005 -18.90271950 35.38882828
v 6.50000000 -18.90263939 33.69263840
v 7.00000000 -18.90249062 30.12863922
v 7.00000000 -18.90262032 33.19263840
v 6.51703691 -18.90265083 33.82204819
v 1.68659496 -18.90274048 35.80157852
v 6.56698704 -18.90266037 33.94263840
v 1.68659496 -18.90275955 36.22771072
v 6.64644718 -18.90266037 34.04619980
v 1.58062005 -18.90278053 36.64044952
v 6.75000000 -18.90266037 34.12565994
v 1.37532902 -18.90279007 37.01388168
v 6.87059021 -18.90266991 34.17560959
v 7.00000000 -18.90266991 34.19263840
v 7.00000000 -18.90312958 44.51464081
v 0.31854820 -18.90282059 37.68452835
v 0.72382480 -18.90282059 37.55284882
v 1.08362103 -18.90280914 37.32450867
v 7.00000000 -18.90262032 33.19263840
v 7.00000000 -18.90249062 30.12863922
v 7.00000000 -11.90248966 30.12895012
v 7.00000000 -11.90262032 33.19295120
v -7.00000000 -11.90289974 39.51494980
v -7.00000000 -11.90266991 34.19295120
v -7.00000000 -18.90266991 34.19263840
v -7.00000000 -13.90312958 44.51485825
v -7.00000000 -18.90312958 44.51464081
v -7.00000000 -11.90262032 33.19295120
v -7.00000000 -11.90248966 30.12895012
v -7.00000000 -18.90262032 33.19263840
v -7.00000000 -18.90249062 30.12863922
v -7.00000000 -20.62513924 1.16852701
v -7.00000000 -19.95330048 0.87643993
v 7.00000000 -19.95330048 0.87643993
v 7.00000000 -20.62513924 1.16852701
v -7.00000000 -21.25637054 1.54031205
v 7.00000000 -21.25637054 1.54031205
v -7.00000000 -21.83758926 1.98625398
v 7.00000000 -21.83758926 1.98625398
v -7.00000000 -22.36012077 2.49970508
v 7.00000000 -22.36012077 2.49970508
v -7.00000000 -22.81619072 3.07300997
v 7.00000000 -22.81619072 3.07300997
v -7.00000000 -23.19898987 3.69762206
v 7.00000000 -23.19898987 3.69762206
v -7.00000000 -23.50281906 4.36423016
v 7.00000000 -23.50281906 4.36423016
v -7.00000000 -23.72314072 5.06289577
v 7.00000000 -23.72314072 5.06289577
v -7.00000000 -23.85667992 5.78320599
v 7.00000000 -23.85667992 5.78320599
v -7.00000000 -23.90143013 6.51442003
v 7.00000000 -23.90143013 6.51442003
v -7.00000000 -2.05187011 -5.63824701
v 7.00000000 -2.05187011 -5.63824701
v -7.00000000 -19.95330048 0.87643993
v 7.00000000 -19.95330048 0.87643993
v -7.00000000 2.05187011 5.63824701
v -7.00000000 -6.63769722 8.80055332
v 7.00000000 -6.63769722 8.80055332
v 7.00000000 2.05187011 5.63824701
v -7.00000000 -11.90186977 16.31785965
v -2.36914802 -11.90194035 17.79018021
v -1.74143696 -11.90190983 17.27088928
v -2.84799695 -11.90196991 18.44924927
v -1.00430501 -11.90190029 16.92402077
v -3.14789510 -11.90200043 19.20671082
v -0.20406920 -11.90188980 16.77136993
v -3.25000000 -11.90203953 20.01494980
v -3.14789510 -11.90207005 20.82320023
v -7.00000000 -11.90244007 29.12895012
v -2.84799695 -11.90211010 21.58065033
v -6.87059021 -11.90244007 29.14599037
v -2.36914802 -11.90213013 22.23973083
v -6.75000000 -11.90244007 29.19594002
v 7.00000000 -11.90186977 16.31785965
v 3.02177405 -11.90198040 18.81855011
v 3.22437310 -11.90202045 19.60762024
v 2.62930489 -11.90194988 18.10465050
v 2.07162809 -11.90192032 17.51078987
v 1.38378298 -11.90190029 17.07427025
v 0.60898930 -11.90188980 16.82251930
v 3.22437310 -11.90205002 20.42229080
v 3.02177405 -11.90209007 21.21136093
v -1.00430501 -11.90217018 23.10589027
v -1.74143696 -11.90215969 22.75901985
v -0.95613599 -11.90233994 26.85918045
v -1.21352506 -11.90235043 27.13327980
v -0.63866889 -11.90233040 26.65770912
v -1.39466500 -11.90237045 27.46277046
v -6.64644718 -11.90244961 29.27540016
v -6.87059021 -11.90248013 30.11191940
v -7.00000000 -11.90248966 30.12895012
v -7.00000000 -11.90262032 33.19295120
v -0.28107199 -11.90233040 26.54151917
v -0.20406920 -11.90217972 23.25853920
v -1.48817205 -11.90237999 27.82695007
v -6.56698704 -11.90244961 29.37895012
v -6.87059021 -11.90262032 33.20999146
v -6.64644718 -11.90248013 29.98250961
v -6.75000000 -11.90248013 30.06196976
v -6.75000000 -11.90262985 33.25994110
v 0.09418578 -11.90231991 26.51791000
v 0.60898930 -11.90217972 23.20738983
v -6.64644718 -11.90262985 33.33940125
v -6.51703691 -11.90246010 29.49954033
v -1.48817205 -11.90240002 28.20294952
v -6.56698704 -11.90262985 33.44295120
v -6.56698704 -11.90246964 29.87895012
v 0.46352550 -11.90233040 26.58836937
v -1.39466500 -11.90242004 28.56714058
v -6.50000000 -11.90246010 29.62895012
v -6.51703691 -11.90246964 29.75835991
v 0.80374020 -11.90233994 26.74846077
v 1.38378298 -11.90217018 22.95564079
v -1.21352506 -11.90242958 28.89662933
v 1.09345305 -11.90235043 26.98813057
v 2.07162809 -11.90215015 22.51911926
v 1.31446004 -11.90235996 27.29232025
v -2.36914802 -11.90264988 33.79018021
v -6.51703691 -11.90264034 33.56354141
v -0.95613599 -11.90244007 29.17071915
v -1.74143696 -11.90262985 33.27088928
v -6.50000000 -11.90264034 33.69295120
v -2.84799695 -11.90268040 34.44924927
v -6.51703691 -11.90264988 33.82236099
v -0.28107199 -11.90246010 29.48838043
v -0.63866889 -11.90244961 29.37219048
v -1.00430501 -11.90260983 32.92401886
v -6.56698704 -11.90266037 33.94295120
v -3.14789510 -11.90270996 35.20671082
v -6.64644718 -11.90266037 34.04650879
v -6.87059021 -11.90266991 34.17591858
v -7.00000000 -11.90266991 34.19295120
v -7.00000000 -11.90289974 39.51494980
v 0.09418578 -11.90246010 29.51198959
v -0.20406920 -11.90260029 32.77136993
v -3.25000000 -11.90275002 36.01494980
v -6.75000000 -11.90266037 34.12596893
v 0.80374020 -11.90244961 29.28145027
v 0.46352550 -11.90246010 29.44153976
v 0.60898930 -11.90260983 32.82252121
v -3.14789510 -11.90277958 36.82320023
v 1.38378298 -11.90262032 33.07426834
v 1.09345305 -11.90244007 29.04177094
v -2.84799695 -11.90281963 37.58065033
v 2.07162809 -11.90264034 33.51079178
v -2.36914802 -11.90285015 38.23973083
v 1.45287502 -11.90237045 27.64192009
v 1.50000000 -11.90238953 28.01494980
v 6.64644718 -11.90244961 29.27540016
v 6.75000000 -11.90244007 29.19594002
v 6.56698704 -11.90244961 29.37895012
v 6.87059021 -11.90244007 29.14599037
v 2.62930489 -11.90211964 21.92526054
v 1.45287502 -11.90240955 28.38799095
v 6.51703691 -11.90246010 29.49954033
v 1.31446004 -11.90242004 28.73757935
v 6.50000000 -11.90246010 29.62895012
v 7.00000000 -11.90244007 29.12895012
v 6.51703691 -11.90246964 29.75835991
v 6.56698704 -11.90246964 29.87895012
v -1.74143696 -11.90287018 38.75902176
v -1.00430501 -11.90289021 39.10588837
v 6.75000000 -11.90248013 30.06196976
v 6.64644718 -11.90248013 29.98250961
v 6.75000000 -11.90262985 33.25994110
v 6.64644718 -11.90262985 33.33940125
v 6.56698704 -11.90262985 33.44295120
v 2.62930489 -11.90266037 34.10464859
v 6.87059021 -11.90248013 30.11191940
v 6.87059021 -11.90262032 33.20999146
v 6.51703691 -11.90264034 33.56354141
v 6.50000000 -11.90264034 33.69295120
v 3.02177405 -11.90268993 34.81855011
v 7.00000000 -11.90248966 30.12895012
v 7.00000000 -11.90262032 33.19295120
v 6.51703691 -11.90264988 33.82236099
v 3.22437310 -11.90272999 35.60762024
v 6.56698704 -11.90266037 33.94295120
v 6.64644718 -11.90266037 34.04650879
v 3.22437310 -11.90277004 36.42229080
v 6.75000000 -11.90266037 34.12596893
v 6.87059021 -11.90266991 34.17591858
v 7.00000000 -11.90266991 34.19295120
v 7.00000000 -11.90289974 39.51494980
v 1.38378298 -11.90287971 38.95563889
v 0.60898930 -11.90289021 39.20738983
v 2.07162809 -11.90285969 38.51911926
v 2.62930489 -11.90283012 37.92525864
v 3.02177405 -11.90279961 37.21136093
v -0.20406920 -11.90289021 39.25854111
v -7.00000000 -11.90289974 39.51494980
v -7.00000000 -13.90312958 44.51485825
v 7.00000000 -11.90289974 39.51494980
v 7.00000000 -13.90312958 44.51485825
v -7.00000000 -13.90312958 44.51485825
v -7.00000000 -18.90312958 44.51464081
v 7.00000000 -13.90312958 44.51485825
v 7.00000000 -18.90312958 44.51464081
v -7.00000000 -23.90175056 13.51441956
v -7.00000000 -23.90143013 6.51442003
v 7.00000000 -23.90143013 6.51442003
v 7.00000000 -23.90175056 13.51441956
v -7.00000000 -22.84005928 7.29570103
v -7.00000000 -22.89734077 6.71708107
v -7.00000000 -23.90143013 6.51442003
v -7.00000000 -22.88705063 6.13572407
v -7.00000000 -23.85667992 5.78320599
v -7.00000000 -22.71599960 7.86375999
v -7.00000000 -22.52681923 8.41357422
v -7.00000000 4.72822905 -3.69375801
v -7.00000000 4.31622410 -4.16775799
v -7.00000000 3.69698691 -3.36634707
v -7.00000000 -11.90186977 16.31785965
v -7.00000000 -11.86040974 15.50477982
v -7.00000000 -18.90175056 13.51463985
v -7.00000000 -16.27470016 11.24265957
v -7.00000000 -16.83459091 11.39953995
v -7.00000000 -17.40889931 11.49036980
v -7.00000000 -17.98987007 11.51389980
v -7.00000000 -18.56963921 11.46984005
v -7.00000000 -19.14038086 11.35875988
v -7.00000000 -19.69437027 11.18216991
v -7.00000000 -20.22410965 10.94246006
v -7.00000000 3.85693002 -4.59609509
v -7.00000000 3.28117990 -3.77277899
v -7.00000000 -20.72244072 10.64288044
v -7.00000000 -23.90175056 13.51441956
v -7.00000000 -21.18260956 10.28746986
v -7.00000000 5.08842993 -3.17928910
v -7.00000000 4.06279802 -2.91439104
v -7.00000000 -21.59841919 9.88103390
v -7.00000000 -21.96422958 9.42907810
v -7.00000000 -22.27510071 8.93770981
v -7.00000000 3.35537910 -4.97407579
v -7.00000000 2.82100105 -4.12819004
v -7.00000000 -11.90244007 29.12895012
v -7.00000000 -18.90243912 29.12863922
v -7.00000000 5.39288092 -2.62998700
v -7.00000000 4.37366676 -2.42302299
v -7.00000000 2.81706500 -5.29756021
v -7.00000000 2.24788690 -5.56300306
v -7.00000000 2.32267308 -4.42777491
v -7.00000000 5.63824701 -2.05187011
v -7.00000000 4.62538910 -1.89888704
v -7.00000000 1.65408099 -5.76749706
v -7.00000000 1.79293394 -4.66748190
v -7.00000000 4.81456184 -1.34907305
v -7.00000000 5.82183886 -1.45127201
v -7.00000000 1.04215205 -5.90880013
v -7.00000000 1.23894894 -4.84406900
v -7.00000000 4.93862486 -0.78101438
v -7.00000000 5.94164515 -0.83477408
v -7.00000000 0.66821003 -4.95514822
v -7.00000000 0.41880521 -5.98536587
v -7.00000000 4.99590206 -0.20239410
v -7.00000000 5.99635410 -0.20913000
v -7.00000000 5.98536587 0.41880530
v -7.00000000 -0.20913020 -5.99635410
v -7.00000000 0.08843417 -4.99921799
v -7.00000000 5.90880013 1.04215205
v -7.00000000 4.98561811 0.37896320
v -7.00000000 -0.83477420 -5.94164610
v -7.00000000 -0.49253759 -4.97568178
v -7.00000000 4.90791178 0.95519572
v -7.00000000 5.76749611 1.65408099
v -7.00000000 -1.45127201 -5.82183886
v -7.00000000 -1.06684899 -4.88485813
v -7.00000000 5.56300306 2.24788690
v -7.00000000 4.76383495 1.51851106
v -7.00000000 -2.05187011 -5.63824701
v -7.00000000 -1.62673199 -4.72797394
v -7.00000000 4.55533504 2.06129098
v -7.00000000 5.29756021 2.81706500
v -7.00000000 -2.16461706 -4.50715303
v -7.00000000 4.28523302 2.57619500
v -7.00000000 4.97407579 3.35537910
v -7.00000000 -2.67322898 -4.22538090
v -7.00000000 3.95717907 3.05626106
v -7.00000000 -3.14569092 -3.88646698
v -7.00000000 4.59609509 3.85693002
v -7.00000000 3.57561207 3.49499607
v -7.00000000 -3.57561207 -3.49499607
v -7.00000000 4.16775799 4.31622410
v -7.00000000 3.14569092 3.88646698
v -7.00000000 3.69375801 4.72822905
v -7.00000000 2.67322898 4.22538090
v -7.00000000 3.17928910 5.08842993
v -7.00000000 2.16461706 4.50715303
v -7.00000000 2.62998700 5.39288092
v -7.00000000 1.62673199 4.72797394
v -7.00000000 2.05187011 5.63824701
v -7.00000000 1.06684899 4.88485813
v -7.00000000 0.49253759 4.97568178
v -7.00000000 -0.08843417 4.99921799
v -7.00000000 -0.66821003 4.95514822
v -7.00000000 -6.63769722 8.80055332
v -7.00000000 -1.23894894 4.84406900
v -7.00000000 -1.79293394 4.66748190
v -7.00000000 -2.32267308 4.42777491
v -7.00000000 -2.82100105 4.12819004
v -7.00000000 -3.28117990 3.77277899
v -7.00000000 -3.69698691 3.36634707
v -7.00000000 -4.06279802 2.91439104
v -7.00000000 -4.37366676 2.42302299
v -7.00000000 -4.99590206 0.20239410
v -7.00000000 -4.98561811 -0.37896320
v -7.00000000 -14.20444965 3.14833999
v -7.00000000 -14.62024975 2.74190807
v -7.00000000 -4.90791178 -0.95519572
v -7.00000000 -4.93862486 0.78101438
v -7.00000000 -13.83864021 3.60029602
v -7.00000000 -15.08043003 2.38649702
v -7.00000000 -4.76383495 -1.51851106
v -7.00000000 -13.52777004 4.09166384
v -7.00000000 -4.81456184 1.34907305
v -7.00000000 -15.57876015 2.08691192
v -7.00000000 -4.55533504 -2.06129098
v -7.00000000 -13.27604961 4.61579990
v -7.00000000 -4.62538910 1.89888704
v -7.00000000 -16.10849953 1.84720504
v -7.00000000 -4.28523302 -2.57619500
v -7.00000000 -13.08687019 5.16561413
v -7.00000000 -16.66249084 1.67061806
v -7.00000000 -3.95717907 -3.05626106
v -7.00000000 -12.96280956 5.73367214
v -7.00000000 -7.38758898 9.11753654
v -7.00000000 -17.23321915 1.55953896
v -7.00000000 -8.10138035 9.50909519
v -7.00000000 -12.90552998 6.31229305
v -7.00000000 -8.77167988 9.97117233
v -7.00000000 -12.91582012 6.89365005
v -7.00000000 -12.99351978 7.46988297
v -7.00000000 -19.95330048 0.87643993
v -7.00000000 -18.96828079 1.62982905
v -7.00000000 -18.39397049 1.53900504
v -7.00000000 -17.81299973 1.51546896
v -7.00000000 -9.39154530 10.49897957
v -7.00000000 -13.13759995 8.03319836
v -7.00000000 -19.52816963 1.78671205
v -7.00000000 -9.95455647 11.08705997
v -7.00000000 -13.34609985 8.57597828
v -7.00000000 -20.62513924 1.16852701
v -7.00000000 -20.06604958 2.00753307
v -7.00000000 -10.45487976 11.72931004
v -7.00000000 -13.61620045 9.09088230
v -7.00000000 -21.25637054 1.54031205
v -7.00000000 -20.57465935 2.28930593
v -7.00000000 -10.88733959 12.41909027
v -7.00000000 -13.94425964 9.57094765
v -7.00000000 -21.04713058 2.62821889
v -7.00000000 -21.83758926 1.98625398
v -7.00000000 -14.32581997 10.00967979
v -7.00000000 -11.24746037 13.14925003
v -7.00000000 -21.47705078 3.01969099
v -7.00000000 -22.36012077 2.49970508
v -7.00000000 -14.75574017 10.40114975
v -7.00000000 -21.85861015 3.45842600
v -7.00000000 -22.81619072 3.07300997
v -7.00000000 -11.53149986 13.91222954
v -7.00000000 -15.22819996 10.74007034
v -7.00000000 -22.18667030 3.93849206
v -7.00000000 -11.73651981 14.70013046
v -7.00000000 -15.73682022 11.02184010
v -7.00000000 -23.19898987 3.69762206
v -7.00000000 -22.45676994 4.45339584
v -7.00000000 -23.50281906 4.36423016
v -7.00000000 -22.66526985 4.99617577
v -7.00000000 -22.80934906 5.55949116
v -7.00000000 -23.72314072 5.06289577
v -7.00000000 -11.90186977 16.31785965
v 7.00000000 -11.90186977 16.31785965
v 7.00000000 -11.86040974 15.50477982
v -7.00000000 -11.86040974 15.50477982
v -7.00000000 -11.73651981 14.70013046
v 7.00000000 -11.73651981 14.70013046
v -7.00000000 -11.53149986 13.91222954
v 7.00000000 -11.53149986 13.91222954
v -7.00000000 -11.24746037 13.14925003
v 7.00000000 -11.24746037 13.14925003
v -7.00000000 -10.88733959 12.41909027
v 7.00000000 -10.88733959 12.41909027
v -7.00000000 -10.45487976 11.72931004
v 7.00000000 -10.45487976 11.72931004
v -7.00000000 -9.95455647 11.08705997
v 7.00000000 -9.95455647 11.08705997
v -7.00000000 -9.39154530 10.49897957
v 7.00000000 -9.39154530 10.49897957
v -7.00000000 -8.77167988 9.97117233
v -7.00000000 -8.10138035 9.50909519
v 7.00000000 -8.77167988 9.97117233
v -7.00000000 -7.38758898 9.11753654
v 7.00000000 -8.10138035 9.50909519
v -7.00000000 -6.63769722 8.80055332
v 7.00000000 -7.38758898 9.11753654
v 7.00000000 -6.63769722 8.80055332
v -7.00000000 -18.90175056 13.51463985
v -7.00000000 -23.90175056 13.51441956
v 7.00000000 -18.90175056 13.51463985
v 7.00000000 -23.90175056 13.51441956
v 6.87059021 -11.90248013 30.11191940
v 7.00000000 -11.90248966 30.12895012
v 6.87059021 -18.90247917 30.11161041
v 7.00000000 -18.90249062 30.12863922
v 6.75000000 -11.90248013 30.06196976
v 6.75000000 -18.90247917 30.06166077
v 6.64644718 -11.90248013 29.98250961
v 6.64644718 -18.90247917 29.98220062
v 6.56698704 -11.90246964 29.87895012
v 6.56698704 -18.90246964 29.87863922
v 6.51703691 -11.90246964 29.75835991
v 6.51703691 -18.90246964 29.75805092
v 6.50000000 -11.90246010 29.62895012
v 6.50000000 -18.90246010 29.62863922
v 6.51703691 -11.90246010 29.49954033
v 6.51703691 -18.90246010 29.49922943
v 6.56698704 -11.90244961 29.37895012
v 6.56698704 -18.90245056 29.37863922
v 6.64644718 -11.90244961 29.27540016
v 6.64644718 -18.90245056 29.27508926
v 6.75000000 -11.90244007 29.19594002
v 6.75000000 -18.90243912 29.19562912
v 6.87059021 -11.90244007 29.14599037
v 6.87059021 -18.90243912 29.14567947
v 7.00000000 -11.90244007 29.12895012
v 7.00000000 -18.90243912 29.12863922
v 6.87059021 -11.90266991 34.17591858
v 7.00000000 -11.90266991 34.19295120
v 6.87059021 -18.90266991 34.17560959
v 7.00000000 -18.90266991 34.19263840
v 6.75000000 -11.90266037 34.12596893
v 6.75000000 -18.90266037 34.12565994
v 6.64644718 -11.90266037 34.04650879
v 6.64644718 -18.90266037 34.04619980
v 6.56698704 -11.90266037 33.94295120
v 6.56698704 -18.90266037 33.94263840
v 6.51703691 -11.90264988 33.82236099
v 6.51703691 -18.90265083 33.82204819
v 6.50000000 -11.90264034 33.69295120
v 6.50000000 -18.90263939 33.69263840
v 6.51703691 -11.90264034 33.56354141
v 6.51703691 -18.90263939 33.56322861
v 6.56698704 -11.90262985 33.44295120
v 6.56698704 -18.90262985 33.44263840
v 6.64644718 -11.90262985 33.33940125
v 6.64644718 -18.90262985 33.33908844
v 6.75000000 -11.90262985 33.25994110
v 6.75000000 -18.90262985 33.25962830
v 6.87059021 -11.90262032 33.20999146
v 6.87059021 -18.90262032 33.20967865
v 7.00000000 -11.90262032 33.19295120
v 7.00000000 -18.90262032 33.19263840
v -7.50000000 -22.89734077 6.71708107
v -7.50000000 -22.80934906 5.55949116
v -7.50000000 -22.88705063 6.13572407
v -7.50000000 -22.66526985 4.99617577
v -7.50000000 -22.45676994 4.45339584
v -7.50000000 -22.18667030 3.93849206
v -7.50000000 -16.10849953 1.84720504
v -7.50000000 -15.08043003 2.38649702
v -7.50000000 -15.57876015 2.08691192
v -7.50000000 -21.85861015 3.45842600
v -7.50000000 -21.04713058 2.62821889
v -7.50000000 -15.73682022 11.02184010
v -7.50000000 -14.32581997 10.00967979
v -7.50000000 -13.94425964 9.57094765
v -7.50000000 -14.75574017 10.40114975
v -7.50000000 -15.22819996 10.74007034
v -7.50000000 -14.20444965 3.14833999
v -7.50000000 -14.62024975 2.74190807
v -7.50000000 -22.71599960 7.86375999
v -7.50000000 -22.84005928 7.29570103
v -7.50000000 -17.81299973 1.51546896
v -7.50000000 -16.66249084 1.67061806
v -7.50000000 -17.23321915 1.55953896
v -7.50000000 -17.40889931 11.49036980
v -7.50000000 -16.27470016 11.24265957
v -7.50000000 -16.83459091 11.39953995
v -7.50000000 -13.52777004 4.09166384
v -7.50000000 -13.83864021 3.60029602
v -7.50000000 -22.27510071 8.93770981
v -7.50000000 -22.52681923 8.41357422
v -7.50000000 -18.96828079 1.62982905
v -7.50000000 -18.39397049 1.53900504
v -7.50000000 -21.59841919 9.88103390
v -7.50000000 -21.96422958 9.42907810
v -7.50000000 -19.14038086 11.35875988
v -7.50000000 -13.34609985 8.57597828
v -7.50000000 -17.98987007 11.51389980
v -7.50000000 -12.96280956 5.73367214
v -7.50000000 -13.27604961 4.61579990
v -7.50000000 -18.56963921 11.46984005
v -7.50000000 -13.08687019 5.16561413
v -7.50000000 -20.06604958 2.00753307
v -7.50000000 -19.52816963 1.78671205
v -7.50000000 -21.18260956 10.28746986
v -7.50000000 -12.90552998 6.31229305
v -7.50000000 -20.22410965 10.94246006
v -7.50000000 -19.69437027 11.18216991
v -7.50000000 -20.72244072 10.64288044
v -7.50000000 -20.57465935 2.28930593
v -7.50000000 -21.47705078 3.01969099
v -7.50000000 -12.91582012 6.89365005
v -7.50000000 -12.99351978 7.46988297
v -7.50000000 -13.13759995 8.03319836
v -7.50000000 -13.61620045 9.09088230
v 7.50000000 -12.93321991 5.95180178
v 7.50000000 -13.71430016 3.78194308
v 7.50000000 -13.19694996 4.82122517
v 7.50000000 -13.03215981 5.37883282
v 7.50000000 -19.35239029 11.29953003
v 7.50000000 -19.89806938 11.09873009
v 7.50000000 -20.41674042 10.83594036
v 7.50000000 -22.08856964 9.24742985
v 7.50000000 -20.38608932 2.17573905
v 7.50000000 -21.31974983 2.86569810
v 7.50000000 -20.87301064 2.49352908
v 7.50000000 -12.93733025 7.11272383
v 7.50000000 -12.90147018 6.53238201
v 7.50000000 -19.31848907 1.71969402
v 7.50000000 -19.86557007 1.91662598
v 7.50000000 -22.36162949 4.25489187
v 7.50000000 -22.06912041 3.75237489
v 7.50000000 -21.72026062 3.28721404
v 7.50000000 -17.62837982 11.50722980
v 7.50000000 -18.78709984 11.43562031
v 7.50000000 -18.20981979 11.50516987
v 7.50000000 -13.20905018 8.24140453
v 7.50000000 -13.04032040 7.68497705
v 7.50000000 -18.17448997 1.52214801
v 7.50000000 -18.75223923 1.58760595
v 7.50000000 -13.73375034 9.27699947
v 7.50000000 -13.44124031 8.77448177
v 7.50000000 -22.76255035 5.34439611
v 7.50000000 -22.59382057 4.78796911
v 7.50000000 -15.93729973 11.11275005
v 7.50000000 -17.05063057 11.44176960
v 7.50000000 -16.48438072 11.30967999
v 7.50000000 -14.08261013 9.74215984
v 7.50000000 -17.01576996 1.59375203
v 7.50000000 -17.59305000 1.52420604
v 7.50000000 -15.41676998 10.85363007
v 7.50000000 -14.48311996 10.16368008
v 7.50000000 -22.90139961 6.49699211
v 7.50000000 -22.86553955 5.91664982
v 7.50000000 -14.92984962 10.53584003
v 7.50000000 -22.86964989 7.07757187
v 7.50000000 -15.38613033 2.19343495
v 7.50000000 -16.45047951 1.72984397
v 7.50000000 -15.90480042 1.93064404
v 7.50000000 -22.60592079 8.20814896
v 7.50000000 -22.77070999 7.65054083
v 7.50000000 -14.45738029 2.88998508
v 7.50000000 -14.90147018 2.51466298
v 7.50000000 -22.37751007 8.74285603
v 7.50000000 -14.05986023 3.31432390
v 7.50000000 -20.90139961 10.51471043
v 7.50000000 -21.74300957 9.71504879
v 7.50000000 -21.34548950 10.13938999
v 7.50000000 -13.42535973 4.28651810
v 7.50000000 -3.44405794 3.62470198
v 7.50000000 -3.81882405 -3.22747302
v 7.50000000 -3.41831589 -3.64898896
v 7.50000000 -4.16768885 -2.76231194
v 7.50000000 -4.99996901 -0.01769533
v 7.50000000 -2.48465991 -4.33894777
v 7.50000000 0.30838770 -4.99048090
v 7.50000000 1.45095897 -4.78484201
v 7.50000000 -4.70448589 1.69346201
v 7.50000000 -4.96821499 0.56288528
v 7.50000000 4.70448589 -1.69346201
v 7.50000000 4.18713713 -2.73274302
v 7.50000000 4.47607708 -2.22816896
v 7.50000000 3.84157300 -3.20036292
v 7.50000000 -2.51530910 4.32125187
v 7.50000000 -2.99996805 4.00002384
v 7.50000000 -1.41705501 -4.79499292
v 7.50000000 -1.96413803 -4.59806108
v 7.50000000 4.96821499 -0.56288528
v 7.50000000 4.86927509 -1.13585401
v 7.50000000 -1.45095897 4.78484201
v 7.50000000 -1.99663496 4.58404303
v 7.50000000 4.99996901 0.01769533
v 7.50000000 -0.27305689 -4.99253798
v 7.50000000 -0.85080898 -4.92708111
v 7.50000000 -4.86111307 -1.17028999
v 7.50000000 -4.46019411 -2.25979495
v 7.50000000 4.86111307 1.17028999
v 7.50000000 4.96410608 0.59803659
v 7.50000000 -4.69238186 -1.72671795
v 7.50000000 0.27305689 4.99253798
v 7.50000000 -0.88566202 4.92093515
v 7.50000000 -0.30838770 4.99048090
v 7.50000000 -4.96410608 -0.59803659
v 7.50000000 0.88566202 -4.92093515
v 7.50000000 1.96413803 4.59806108
v 7.50000000 0.85080898 4.92708111
v 7.50000000 1.41705501 4.79499292
v 7.50000000 3.81882405 3.22747302
v 7.50000000 4.46019411 2.25979495
v 7.50000000 4.16768885 2.76231194
v 7.50000000 3.41831589 3.64898896
v 7.50000000 4.69238186 1.72671795
v 7.50000000 -4.86927509 1.13585401
v 7.50000000 2.97158003 4.02115822
v 7.50000000 2.48465991 4.33894777
v 7.50000000 2.99996805 -4.00002384
v 7.50000000 1.99663496 -4.58404303
v 7.50000000 2.51530910 -4.32125187
v 7.50000000 -4.18713713 2.73274302
v 7.50000000 -4.47607708 2.22816896
v 7.50000000 3.44405794 -3.62470198
v 7.50000000 -3.84157300 3.20036292
v 7.50000000 -2.97158003 -4.02115822
v -7.50000000 -4.99590206 0.20239410
v -7.50000000 -3.95717907 -3.05626106
v -7.50000000 -4.55533504 -2.06129098
v -7.50000000 -4.90791178 -0.95519572
v -7.50000000 -4.98561811 -0.37896320
v -7.50000000 -4.76383495 -1.51851106
v -7.50000000 1.79293394 -4.66748190
v -7.50000000 2.82100105 -4.12819004
v -7.50000000 2.32267308 -4.42777491
v -7.50000000 2.16461706 4.50715303
v -7.50000000 3.57561207 3.49499607
v -7.50000000 3.95717907 3.05626106
v -7.50000000 2.67322898 4.22538090
v -7.50000000 3.69698691 -3.36634707
v -7.50000000 3.28117990 -3.77277899
v -7.50000000 -4.81456184 1.34907305
v -7.50000000 -2.16461706 -4.50715303
v -7.50000000 -4.93862486 0.78101438
v -7.50000000 4.37366676 -2.42302299
v -7.50000000 4.99590206 -0.20239410
v -7.50000000 0.08843417 -4.99921799
v -7.50000000 1.23894894 -4.84406900
v -7.50000000 0.66821003 -4.95514822
v -7.50000000 4.06279802 -2.91439104
v -7.50000000 0.49253759 4.97568178
v -7.50000000 1.62673199 4.72797394
v -7.50000000 1.06684899 4.88485813
v -7.50000000 -4.37366676 2.42302299
v -7.50000000 -4.62538910 1.89888704
v -7.50000000 -1.06684899 -4.88485813
v -7.50000000 -0.49253759 -4.97568178
v -7.50000000 -3.69698691 3.36634707
v -7.50000000 -4.06279802 2.91439104
v -7.50000000 -1.23894894 4.84406900
v -7.50000000 -0.08843417 4.99921799
v -7.50000000 -0.66821003 4.95514822
v -7.50000000 4.93862486 -0.78101438
v -7.50000000 4.62538910 -1.89888704
v -7.50000000 4.81456184 -1.34907305
v -7.50000000 -1.62673199 -4.72797394
v -7.50000000 -2.32267308 4.42777491
v -7.50000000 -1.79293394 4.66748190
v -7.50000000 -3.28117990 3.77277899
v -7.50000000 -2.82100105 4.12819004
v -7.50000000 -3.14569092 -3.88646698
v -7.50000000 -2.67322898 -4.22538090
v -7.50000000 4.90791178 0.95519572
v -7.50000000 4.98561811 0.37896320
v -7.50000000 4.76383495 1.51851106
v -7.50000000 -3.57561207 -3.49499607
v -7.50000000 -4.28523302 -2.57619500
v -7.50000000 4.55533504 2.06129098
v -7.50000000 4.28523302 2.57619500
v -7.50000000 3.14569092 3.88646698
v 1.38378298 -13.90190029 17.07418060
v 0.72382480 -13.90196991 18.47665977
v 2.07162809 -13.90192032 17.51070023
v -3.14789510 -13.90207005 20.82311058
v -2.84799695 -13.90211010 21.58056068
v -1.48972094 -13.90207005 20.83385086
v -1.64659095 -13.90205002 20.43763924
v -1.70000005 -13.90203953 20.01486015
v 0.60898930 -13.90188980 16.82242966
v 0.31854820 -13.90196037 18.34498024
v 1.08362103 -13.90209007 21.32473946
v 2.07162809 -13.90215015 22.51902962
v 2.62930489 -13.90211964 21.92517090
v -3.25000000 -13.90203953 20.01486015
v 1.37532902 -13.90207958 21.01409912
v 3.02177405 -13.90209007 21.21126938
v 0.72382480 -13.90209961 21.55307007
v 0.60898930 -13.90217972 23.20730019
v 1.38378298 -13.90217018 22.95554924
v -0.20406920 -13.90188980 16.77128029
v -0.10674390 -13.90196037 18.31822014
v -3.14789510 -13.90200043 19.20661926
v 1.58062005 -13.90205956 20.64068031
v -1.64659095 -13.90202045 19.59209061
v -1.48972094 -13.90200043 19.19588089
v 0.31854820 -13.90211010 21.68474960
v -0.20406920 -13.90217972 23.25844955
v -1.00430501 -13.90190029 16.92392921
v -0.52532887 -13.90196037 18.39806938
v -0.91090560 -13.90196991 18.57950974
v 1.68659496 -13.90203953 20.22793007
v 3.22437310 -13.90205002 20.42219925
v -2.84799695 -13.90196991 18.44916916
v -1.23924696 -13.90198040 18.85112953
v -1.74143696 -13.90190983 17.27079964
v -0.10674390 -13.90211010 21.71150970
v -1.00430501 -13.90217018 23.10580063
v -2.36914802 -13.90194035 17.79009056
v 1.68659496 -13.90202999 19.80179977
v 3.22437310 -13.90202045 19.60753059
v -0.52532887 -13.90211010 21.63166046
v 1.58062005 -13.90200996 19.38904953
v 3.02177405 -13.90198040 18.81846046
v -0.91090560 -13.90209961 21.45022011
v -1.74143696 -13.90215969 22.75893021
v 1.37532902 -13.90198994 19.01563072
v 2.62930489 -13.90194988 18.10456085
v -2.36914802 -13.90213013 22.23963928
v -1.23924696 -13.90209007 21.17860031
v 1.08362103 -13.90198040 18.70499039
v -3.14789510 -13.90277958 36.82310867
v -2.84799695 -13.90281963 37.58055878
v -1.48972094 -13.90277958 36.83385086
v -1.64659095 -13.90277004 36.43764114
v -1.70000005 -13.90275002 36.01485825
v 0.60898930 -13.90260983 32.82242966
v 0.72382480 -13.90268040 34.47666168
v 1.38378298 -13.90262032 33.07418060
v 0.31854820 -13.90266991 34.34497833
v 1.08362103 -13.90281010 37.32474136
v 2.07162809 -13.90285969 38.51903152
v 2.62930489 -13.90283012 37.92517090
v -3.25000000 -13.90275002 36.01485825
v 1.37532902 -13.90279007 37.01409912
v 3.02177405 -13.90279961 37.21126938
v -0.20406920 -13.90260029 32.77127838
v 0.72382480 -13.90281963 37.55307007
v 0.60898930 -13.90289021 39.20729828
v 1.38378298 -13.90287971 38.95555115
v -0.10674390 -13.90266991 34.31821823
v -3.14789510 -13.90270996 35.20661926
v 1.58062005 -13.90277958 36.64067841
v -1.64659095 -13.90272999 35.59209061
v -1.00430501 -13.90260983 32.92393112
v 0.31854820 -13.90281963 37.68474960
v -0.20406920 -13.90289021 39.25844955
v -0.52532887 -13.90268040 34.39807129
v -0.91090560 -13.90268040 34.57950974
v 1.68659496 -13.90275955 36.22792816
v 3.22437310 -13.90277004 36.42219925
v -2.84799695 -13.90268040 34.44916916
v -1.48972094 -13.90270996 35.19588089
v -1.23924696 -13.90270042 34.85113144
v -1.74143696 -13.90262985 33.27080154
v -0.10674390 -13.90281963 37.71150970
v -1.00430501 -13.90289021 39.10580063
v -2.36914802 -13.90264988 33.79008865
v 1.68659496 -13.90273952 35.80179977
v 3.22437310 -13.90272999 35.60752869
v 3.02177405 -13.90268993 34.81845856
v -0.52532887 -13.90281963 37.63166046
v 1.58062005 -13.90272045 35.38904953
v 2.62930489 -13.90266037 34.10456085
v -0.91090560 -13.90281010 37.45021820
v -1.74143696 -13.90287018 38.75893021
v 1.37532902 -13.90270042 35.01562881
v -2.36914802 -13.90285015 38.23963928
v -1.23924696 -13.90279961 37.17860031
v 2.07162809 -13.90264034 33.51070023
v 1.08362103 -13.90268993 34.70499039
v -6.50000000 -2.53305507 1.60736799
v -6.50000000 -2.85321093 0.92692399
v -7.00000000 -2.95523095 1.87526202
v -7.00000000 -3.32874608 1.08141100
v -6.50000000 -2.05373907 2.18681502
v -7.00000000 -2.39602900 2.55128407
v -6.50000000 0.74594021 2.90578294
v -6.50000000 -0.00013365 3.00000000
v -7.00000000 0.87026358 3.39007998
v -7.00000000 -0.00015591 3.50000000
v -6.50000000 -1.44537795 2.62885594
v -7.00000000 -1.68627405 3.06699800
v -6.50000000 1.44514406 2.62898397
v -7.00000000 1.68600094 3.06714797
v -6.50000000 -0.74619907 2.90571594
v -7.00000000 -0.87056559 3.39000201
v -6.50000000 2.05354404 2.18699694
v -7.00000000 2.39580107 2.55149698
v -6.50000000 2.53291202 1.60759306
v -7.00000000 2.95506406 1.87552500
v -6.50000000 2.85312796 0.92717803
v -7.00000000 3.32865000 1.08170795
v -6.50000000 2.99407196 0.18850490
v -7.00000000 3.49308395 0.21992230
v -6.50000000 2.94688702 -0.56201267
v -7.00000000 3.43803406 -0.65568149
v -6.50000000 2.71453810 -1.27721703
v -7.00000000 3.16696095 -1.49008703
v -6.50000000 2.31162500 -1.91216898
v -7.00000000 2.69689608 -2.23086405
v -6.50000000 1.76346397 -2.42697191
v -7.00000000 2.05737400 -2.83146811
v -6.50000000 1.10449803 -2.78927994
v -7.00000000 1.28858101 -3.25415993
v -7.00000000 0.43882081 -3.47238207
v -6.50000000 0.37613210 -2.97632694
v -7.00000000 -0.43851191 -3.47242093
v -6.50000000 -0.37586731 -2.97636104
v -7.00000000 -1.28829098 -3.25427508
v -6.50000000 -1.10424995 -2.78937888
v -6.50000000 -1.76324797 -2.42712903
v -7.00000000 -2.05712199 -2.83165097
v -6.50000000 -2.31145501 -1.91237497
v -7.00000000 -2.69669700 -2.23110390
v -6.50000000 -2.71442389 -1.27745903
v -7.00000000 -3.16682792 -1.49036801
v -6.50000000 -2.94683695 -0.56227511
v -7.00000000 -3.43797588 -0.65598762
v -6.50000000 -2.99408889 0.18823829
v -7.00000000 -3.49310303 0.21961141
v -6.50000000 2.53291202 1.60759306
v -6.50000000 2.85312796 0.92717803
v 6.50000000 2.59800911 1.50011599
v 6.50000000 2.89774299 0.77658617
v -6.50000000 -0.74619907 2.90571594
v -6.50000000 -0.00013365 3.00000000
v 6.50000000 -0.00013365 3.00000000
v -6.50000000 2.05354404 2.18699694
v 6.50000000 2.12122607 2.12141490
v -6.50000000 -1.44537795 2.62885594
v 6.50000000 -0.77658617 2.89774299
v -6.50000000 1.44514406 2.62898397
v 6.50000000 1.49988401 2.59814310
v -6.50000000 -2.05373907 2.18681502
v 6.50000000 -1.50011599 2.59800911
v -6.50000000 0.74594021 2.90578294
v 6.50000000 0.77632803 2.89781189
v -6.50000000 -2.53305507 1.60736799
v 6.50000000 -2.12141490 2.12122607
v -6.50000000 -2.85321093 0.92692399
v 6.50000000 -2.59814310 1.49988401
v -6.50000000 -2.99408889 0.18823829
v 6.50000000 -2.89781189 0.77632821
v -6.50000000 -2.94683695 -0.56227511
v 6.50000000 -3.00000000 -0.00013350
v -6.50000000 -2.71442389 -1.27745903
v 6.50000000 -2.89774299 -0.77658612
v -6.50000000 -2.31145501 -1.91237497
v 6.50000000 -2.59801006 -1.50011599
v -6.50000000 -1.76324797 -2.42712903
v 6.50000000 -2.12122607 -2.12141490
v -6.50000000 -1.10424995 -2.78937888
v 6.50000000 -1.49988401 -2.59814310
v -6.50000000 -0.37586731 -2.97636104
v 6.50000000 -0.77632833 -2.89781189
v 6.50000000 0.00013343 -3.00000000
v -6.50000000 0.37613210 -2.97632694
v 6.50000000 0.77658600 -2.89774299
v -6.50000000 1.10449803 -2.78927994
v 6.50000000 1.50011599 -2.59800911
v -6.50000000 1.76346397 -2.42697191
v -6.50000000 2.31162500 -1.91216898
v 6.50000000 2.12141490 -2.12122607
v 6.50000000 2.59814310 -1.49988401
v -6.50000000 2.71453810 -1.27721703
v -6.50000000 2.94688702 -0.56201267
v 6.50000000 2.89781189 -0.77632809
v -6.50000000 2.99407196 0.18850490
v 6.50000000 3.00000000 0.00013358
v 6.50000000 -2.59801006 -1.50011599
v 7.00000000 -3.32865000 -1.08170795
v 7.00000000 -2.95506406 -1.87552500
v 6.50000000 -2.12122607 -2.12141490
v 7.00000000 -2.39580107 -2.55149698
v 6.50000000 -1.49988401 -2.59814310
v 6.50000000 0.00013343 -3.00000000
v 7.00000000 0.00015569 -3.50000000
v 7.00000000 0.87056541 -3.39000201
v 6.50000000 0.77658600 -2.89774299
v 7.00000000 -1.68600094 -3.06714797
v 6.50000000 -0.77632833 -2.89781189
v 7.00000000 -0.87026381 -3.39007998
v 6.50000000 1.50011599 -2.59800911
v 7.00000000 1.68627405 -3.06699800
v 6.50000000 2.12141490 -2.12122607
v 7.00000000 2.39602804 -2.55128407
v 6.50000000 2.59814310 -1.49988401
v 7.00000000 2.95523095 -1.87526202
v 6.50000000 2.89781189 -0.77632809
v 7.00000000 3.32874608 -1.08141100
v 6.50000000 3.00000000 0.00013358
v 7.00000000 3.49310303 -0.21961130
v 6.50000000 2.89774299 0.77658617
v 7.00000000 3.43797588 0.65598768
v 6.50000000 2.59800911 1.50011599
v 7.00000000 3.16682792 1.49036896
v 6.50000000 2.12122607 2.12141490
v 7.00000000 2.69669700 2.23110390
v 6.50000000 1.49988401 2.59814310
v 7.00000000 2.05712199 2.83165097
v 6.50000000 0.77632803 2.89781189
v 7.00000000 1.28829098 3.25427508
v 6.50000000 -0.00013365 3.00000000
v 7.00000000 0.43851161 3.47242093
v 6.50000000 -0.77658617 2.89774299
v 7.00000000 -0.43882099 3.47238207
v 6.50000000 -1.50011599 2.59800911
v 7.00000000 -1.28858101 3.25415993
v 6.50000000 -2.12141490 2.12122607
v 7.00000000 -2.05737495 2.83146811
v 6.50000000 -2.59814310 1.49988401
v 7.00000000 -2.69689608 2.23086405
v 6.50000000 -2.89781189 0.77632821
v 7.00000000 -3.16696095 1.49008703
v 6.50000000 -3.00000000 -0.00013350
v 7.00000000 -3.43803501 0.65568161
v 6.50000000 -2.89774299 -0.77658612
v 7.00000000 -3.49308395 -0.21992230
v -7.00000000 0.43882081 -3.47238207
v -7.00000000 1.28858101 -3.25415993
v -7.00000000 2.05737400 -2.83146811
v -7.00000000 3.32865000 1.08170795
v -7.00000000 2.69689608 -2.23086405
v -7.00000000 3.16696095 -1.49008703
v -7.00000000 3.43803406 -0.65568149
v -7.00000000 3.49308395 0.21992230
v -7.00000000 -1.28829098 -3.25427508
v -7.00000000 -0.43851191 -3.47242093
v -7.00000000 -2.05712199 -2.83165097
v -7.00000000 1.68600094 3.06714797
v -7.00000000 2.95506406 1.87552500
v -7.00000000 2.39580107 2.55149698
v -7.00000000 -3.16682792 -1.49036801
v -7.00000000 -2.69669700 -2.23110390
v -7.00000000 -3.43797588 -0.65598762
v -7.00000000 -3.49310303 0.21961141
v -7.00000000 -0.87056559 3.39000201
v -7.00000000 0.87026358 3.39007998
v -7.00000000 -0.00015591 3.50000000
v -7.00000000 -3.32874608 1.08141100
v -7.00000000 -2.95523095 1.87526202
v -7.00000000 -2.39602900 2.55128407
v -7.00000000 -1.68627405 3.06699800
v 7.00000000 1.68627405 -3.06699800
v 7.00000000 0.87056541 -3.39000201
v 7.00000000 0.00015569 -3.50000000
v 7.00000000 2.39602804 -2.55128407
v 7.00000000 2.95523095 -1.87526202
v 7.00000000 3.32874608 -1.08141100
v 7.00000000 3.49310303 -0.21961130
v 7.00000000 3.43797588 0.65598768
v 7.00000000 3.16682792 1.49036896
v 7.00000000 -0.87026381 -3.39007998
v 7.00000000 -1.68600094 -3.06714797
v 7.00000000 -2.39580107 -2.55149698
v 7.00000000 2.69669700 2.23110390
v 7.00000000 2.05712199 2.83165097
v 7.00000000 -2.95506406 -1.87552500
v 7.00000000 -3.32865000 -1.08170795
v 7.00000000 -3.49308395 -0.21992230
v 7.00000000 -3.43803501 0.65568161
v 7.00000000 -3.16696095 1.49008703
v 7.00000000 1.28829098 3.25427508
v 7.00000000 -2.05737495 2.83146811
v 7.00000000 0.43851161 3.47242093
v 7.00000000 -0.43882099 3.47238207
v 7.00000000 -1.28858101 3.25415993
v 7.00000000 -2.69689608 2.23086405
v -6.50000000 -19.34680939 9.14354324
v -7.00000000 -20.29746056 9.06597042
v -7.00000000 -19.58770943 9.58168507
v -6.50000000 -18.64763069 9.42040253
v -7.00000000 -18.77199936 9.90468884
v -6.50000000 -17.90156937 9.51468658
v -7.00000000 -17.90159035 10.01469040
v -6.50000000 -17.15549088 9.42047024
v -7.00000000 -17.03116989 9.90476704
v -6.50000000 -16.45628929 9.14367104
v -7.00000000 -16.21542931 9.58183479
v -6.50000000 -15.84788990 8.70168400
v -7.00000000 -15.50562954 9.06618404
v -6.50000000 -15.36851978 8.12228012
v -7.00000000 -14.94637012 8.39021206
v -6.50000000 -15.04831028 7.44186497
v -7.00000000 -14.57277966 7.59639502
v -6.50000000 -14.90736008 6.70319223
v -7.00000000 -14.40834999 6.73460913
v -6.50000000 -14.95454979 5.95267391
v -7.00000000 -14.46339989 5.85900497
v -6.50000000 -15.18690014 5.23747015
v -7.00000000 -14.73447037 5.02460003
v -6.50000000 -15.58981037 4.60251808
v -7.00000000 -15.20454025 4.28382301
v -6.50000000 -16.13796997 4.08771420
v -7.00000000 -15.84405994 3.68321896
v -6.50000000 -16.79693985 3.72540689
v -7.00000000 -16.61285019 3.26052690
v -6.50000000 -17.52529907 3.53836012
v -7.00000000 -17.46261024 3.04230499
v -6.50000000 -18.27729988 3.53832603
v -7.00000000 -18.33995056 3.04226589
v -6.50000000 -19.00568008 3.72530794
v -7.00000000 -19.18972969 3.26041198
v -6.50000000 -19.66468048 4.08755684
v -7.00000000 -19.95856094 3.68303609
v -6.50000000 -20.21289062 4.60231209
v -7.00000000 -20.59812927 4.28358316
v -6.50000000 -20.61585999 5.23722792
v -7.00000000 -21.06826019 5.02431822
v -6.50000000 -20.84827042 5.95241213
v -7.00000000 -21.33941078 5.85869884
v -6.50000000 -20.89551926 6.70292521
v -7.00000000 -21.39454079 6.73429823
v -6.50000000 -20.75465012 7.44161081
v -7.00000000 -21.23018074 7.59609795
v -6.50000000 -20.43449020 8.12205505
v -7.00000000 -20.85667038 8.38994884
v -6.50000000 -19.95516968 8.70150089
v -6.50000000 -15.36851978 8.12228012
v -6.50000000 -15.04831028 7.44186497
v 6.50000000 -15.30342960 8.01480293
v 6.50000000 -15.00368977 7.29127312
v -6.50000000 -18.64763069 9.42040253
v -6.50000000 -17.90156937 9.51468658
v 6.50000000 -17.90156937 9.51468658
v -6.50000000 -15.84788990 8.70168400
v 6.50000000 -15.78020954 8.63610172
v -6.50000000 -19.34680939 9.14354324
v 6.50000000 -18.67802048 9.41242981
v -6.50000000 -16.45628929 9.14367104
v 6.50000000 -16.40155029 9.11283016
v -6.50000000 -19.95516968 8.70150089
v 6.50000000 -19.40155029 9.11269569
v -6.50000000 -17.15549088 9.42047024
v 6.50000000 -17.12511063 9.41249943
v -6.50000000 -20.43449020 8.12205505
v 6.50000000 -20.02285004 8.63591290
v -6.50000000 -20.75465012 7.44161081
v 6.50000000 -20.49958038 8.01457119
v -6.50000000 -20.89551926 6.70292521
v 6.50000000 -20.79924965 7.29101515
v -6.50000000 -20.84827042 5.95241213
v 6.50000000 -20.90143013 6.51455307
v -6.50000000 -20.61585999 5.23722792
v 6.50000000 -20.79917908 5.73810101
v -6.50000000 -20.21289062 4.60231209
v 6.50000000 -20.49943924 5.01457119
v -6.50000000 -19.66468048 4.08755684
v 6.50000000 -20.02265930 4.39327192
v -6.50000000 -19.00568008 3.72530794
v 6.50000000 -19.40131950 3.91654396
v -6.50000000 -18.27729988 3.53832603
v 6.50000000 -18.67775917 3.61687493
v 6.50000000 -17.90130043 3.51468706
v -6.50000000 -17.52529907 3.53836012
v 6.50000000 -17.12484932 3.61694407
v -6.50000000 -16.79693985 3.72540689
v 6.50000000 -16.40131950 3.91667700
v -6.50000000 -16.13796997 4.08771420
v -6.50000000 -15.58981037 4.60251808
v 6.50000000 -15.78001976 4.39346123
v 6.50000000 -15.30329037 5.01480293
v -6.50000000 -15.18690014 5.23747015
v -6.50000000 -14.95454979 5.95267391
v 6.50000000 -15.00362015 5.73835897
v -6.50000000 -14.90736008 6.70319223
v 6.50000000 -14.90143013 6.51482010
v 6.50000000 -20.49943924 5.01457119
v 7.00000000 -21.23007965 5.43297911
v 7.00000000 -20.85650063 4.63916206
v 6.50000000 -20.02265930 4.39327192
v 7.00000000 -20.29723930 3.96319008
v 6.50000000 -19.40131950 3.91654396
v 6.50000000 -17.90130043 3.51468706
v 7.00000000 -17.90127945 3.01468706
v 7.00000000 -17.03087044 3.12468505
v 6.50000000 -17.12484932 3.61694407
v 7.00000000 -19.58744049 3.44753790
v 6.50000000 -18.67775917 3.61687493
v 7.00000000 -18.77169991 3.12460709
v 6.50000000 -16.40131950 3.91667700
v 7.00000000 -16.21516037 3.44768906
v 6.50000000 -15.78001976 4.39346123
v 7.00000000 -15.50541019 3.96340299
v 6.50000000 -15.30329037 5.01480293
v 7.00000000 -14.94620037 4.63942480
v 6.50000000 -15.00362015 5.73835897
v 7.00000000 -14.57269001 5.43327618
v 6.50000000 -14.90143013 6.51482010
v 7.00000000 -14.40832996 6.29507589
v 6.50000000 -15.00368977 7.29127312
v 7.00000000 -14.46345997 7.17067480
v 6.50000000 -15.30342960 8.01480293
v 7.00000000 -14.73460960 8.00505543
v 6.50000000 -15.78020954 8.63610172
v 7.00000000 -15.20473957 8.74579144
v 6.50000000 -16.40155029 9.11283016
v 7.00000000 -15.84430981 9.34633827
v 6.50000000 -17.12511063 9.41249943
v 7.00000000 -16.61314011 9.76896191
v 6.50000000 -17.90156937 9.51468658
v 7.00000000 -17.46291924 9.98710823
v 6.50000000 -18.67802048 9.41242981
v 7.00000000 -18.34025955 9.98706913
v 6.50000000 -19.40155029 9.11269569
v 7.00000000 -19.19001961 9.76884747
v 6.50000000 -20.02285004 8.63591290
v 7.00000000 -19.95881081 9.34615517
v 6.50000000 -20.49958038 8.01457119
v 7.00000000 -20.59832954 8.74555111
v 6.50000000 -20.79924965 7.29101515
v 7.00000000 -21.06839943 8.00477314
v 6.50000000 -20.90143013 6.51455307
v 7.00000000 -21.33946991 7.17036819
v 6.50000000 -20.79917908 5.73810101
v 7.00000000 -21.39451981 6.29476500
v -7.00000000 -17.90159035 10.01469040
v -7.00000000 -21.33941078 5.85869884
v -7.00000000 -21.06826019 5.02431822
v -7.00000000 -20.59812927 4.28358316
v -7.00000000 -19.95856094 3.68303609
v -7.00000000 -19.18972969 3.26041198
v -7.00000000 -18.33995056 3.04226589
v -7.00000000 -17.46261024 3.04230499
v -7.00000000 -16.61285019 3.26052690
v -7.00000000 -15.84405994 3.68321896
v -7.00000000 -15.20454025 4.28382301
v -7.00000000 -14.73447037 5.02460003
v -7.00000000 -14.46339989 5.85900497
v -7.00000000 -14.40834999 6.73460913
v -7.00000000 -14.57277966 7.59639502
v -7.00000000 -14.94637012 8.39021206
v -7.00000000 -15.50562954 9.06618404
v -7.00000000 -16.21542931 9.58183479
v -7.00000000 -17.03116989 9.90476704
v -7.00000000 -21.39454079 6.73429823
v -7.00000000 -21.23018074 7.59609795
v -7.00000000 -19.58770943 9.58168507
v -7.00000000 -18.77199936 9.90468884
v -7.00000000 -20.85667038 8.38994884
v -7.00000000 -20.29746056 9.06597042
v 7.00000000 -14.57269001 5.43327618
v 7.00000000 -14.94620037 4.63942480
v 7.00000000 -14.40832996 6.29507589
v 7.00000000 -17.03087044 3.12468505
v 7.00000000 -17.90127945 3.01468706
v 7.00000000 -18.77169991 3.12460709
v 7.00000000 -14.46345997 7.17067480
v 7.00000000 -14.73460960 8.00505543
v 7.00000000 -16.21516037 3.44768906
v 7.00000000 -19.58744049 3.44753790
v 7.00000000 -20.29723930 3.96319008
v 7.00000000 -20.85650063 4.63916206
v 7.00000000 -15.20473957 8.74579144
v 7.00000000 -16.61314011 9.76896191
v 7.00000000 -15.84430981 9.34633827
v 7.00000000 -15.50541019 3.96340299
v 7.00000000 -21.23007965 5.43297911
v 7.00000000 -17.46291924 9.98710823
v 7.00000000 -19.19001961 9.76884747
v 7.00000000 -18.34025955 9.98706913
v 7.00000000 -21.39451981 6.29476500
v 7.00000000 -21.33946991 7.17036819
v 7.00000000 -21.06839943 8.00477314
v 7.00000000 -19.95881081 9.34615517
v 7.00000000 -20.59832954 8.74555111
f 1 2 3
f 2 4 3
f 5 6 7
f 8 1 9
f 1 3 9
f 10 5 11
f 5 7 11
f 6 8 12
f 8 9 12
f 6 12 7
f 13 10 14
f 10 11 14
f 15 13 16
f 13 14 16
f 17 15 18
f 15 16 18
f 19 17 20
f 17 18 20
f 21 19 22
f 19 20 22
f 23 21 24
f 21 22 24
f 25 23 26
f 23 24 26
f 27 25 28
f 25 26 28
f 29 27 30
f 27 28 30
f 29 30 31
f 32 29 31
f 32 31 33
f 34 32 33
f 34 33 35
f 36 34 35
f 36 35 37
f 38 36 37
f 39 38 40
f 38 37 40
f 41 39 42
f 39 40 42
f 43 41 44
f 41 42 44
f 45 43 46
f 43 44 46
f 47 45 48
f 45 46 48
f 49 47 50
f 47 48 50
f 2 49 4
f 49 50 4
f 51 52 53
f 52 54 53
f 55 51 56
f 51 53 56
f 57 55 58
f 59 60 61
f 55 56 58
f 60 62 61
f 63 57 64
f 65 59 66
f 57 58 64
f 59 61 66
f 67 63 68
f 63 64 68
f 69 65 70
f 65 66 70
f 71 67 72
f 67 68 72
f 73 69 74
f 69 70 74
f 60 71 62
f 71 72 62
f 75 73 76
f 73 74 76
f 77 75 78
f 75 76 78
f 79 77 80
f 77 78 80
f 81 79 82
f 79 80 82
f 83 81 84
f 81 82 84
f 85 83 86
f 83 84 86
f 87 85 88
f 85 86 88
f 87 88 89
f 90 87 89
f 90 89 91
f 92 90 91
f 92 91 93
f 94 92 93
f 95 94 96
f 94 93 96
f 97 95 98
f 95 96 98
f 99 97 100
f 97 98 100
f 52 99 54
f 99 100 54
f 101 102 103
f 102 104 103
f 105 106 107
f 108 101 109
f 101 103 109
f 110 105 111
f 105 107 111
f 106 108 112
f 108 109 112
f 106 112 107
f 113 110 114
f 110 111 114
f 115 113 116
f 113 114 116
f 117 115 118
f 115 116 118
f 119 117 120
f 117 118 120
f 121 119 122
f 119 120 122
f 123 121 124
f 121 122 124
f 125 123 126
f 123 124 126
f 127 125 128
f 125 126 128
f 129 127 130
f 127 128 130
f 129 130 131
f 132 129 131
f 132 131 133
f 134 132 133
f 134 133 135
f 136 134 135
f 136 135 137
f 138 136 137
f 139 138 140
f 138 137 140
f 141 139 142
f 139 140 142
f 143 141 144
f 141 142 144
f 145 143 146
f 143 144 146
f 147 145 148
f 145 146 148
f 149 147 150
f 147 148 150
f 102 149 104
f 149 150 104
f 151 152 153
f 152 154 153
f 155 151 156
f 151 153 156
f 157 155 158
f 159 160 161
f 155 156 158
f 160 162 161
f 163 157 164
f 165 159 166
f 157 158 164
f 159 161 166
f 167 163 168
f 163 164 168
f 169 165 170
f 165 166 170
f 171 167 172
f 167 168 172
f 173 169 174
f 169 170 174
f 160 171 162
f 171 172 162
f 175 173 176
f 173 174 176
f 177 175 178
f 175 176 178
f 179 177 180
f 177 178 180
f 181 179 182
f 179 180 182
f 183 181 184
f 181 182 184
f 185 183 186
f 183 184 186
f 187 185 188
f 185 186 188
f 187 188 189
f 190 187 189
f 190 189 191
f 192 190 191
f 192 191 193
f 194 192 193
f 195 194 196
f 194 193 196
f 197 195 198
f 195 196 198
f 199 197 200
f 197 198 200
f 152 199 154
f 199 200 154
f 201 202 203
f 204 205 206
f 205 203 206
f 207 208 209
f 210 204 211
f 204 206 211
f 212 207 213
f 207 209 213
f 208 210 214
f 210 211 214
f 208 214 209
f 215 212 216
f 212 213 216
f 217 215 218
f 215 216 218
f 219 217 220
f 217 218 220
f 221 219 222
f 219 220 222
f 223 221 224
f 221 222 224
f 225 223 226
f 223 224 226
f 227 225 228
f 225 226 228
f 229 227 230
f 227 228 230
f 231 229 232
f 229 230 232
f 233 231 234
f 231 232 234
f 233 234 235
f 236 233 235
f 236 235 237
f 238 236 237
f 238 237 239
f 240 238 239
f 241 240 242
f 240 239 242
f 243 241 244
f 241 242 244
f 245 243 246
f 243 244 246
f 247 245 248
f 245 246 248
f 249 247 250
f 247 248 250
f 201 249 202
f 249 250 202
f 205 201 203
f 251 252 253
f 251 254 252
f 255 253 256
f 255 251 253
f 257 256 258
f 257 255 256
f 259 258 260
f 259 260 261
f 259 257 258
f 262 259 261
f 263 261 264
f 263 264 265
f 263 262 261
f 266 263 265
f 267 265 268
f 267 268 269
f 267 266 265
f 270 269 271
f 270 267 269
f 272 271 273
f 272 270 271
f 274 272 273
f 275 273 276
f 275 276 277
f 275 274 273
f 278 277 279
f 278 275 277
f 280 279 281
f 280 278 279
f 282 280 281
f 283 281 284
f 283 282 281
f 285 284 286
f 285 283 284
f 287 286 288
f 287 288 289
f 287 285 286
f 290 289 291
f 290 287 289
f 292 291 293
f 292 290 291
f 294 293 295
f 294 292 293
f 296 294 295
f 296 295 297
f 298 296 297
f 299 298 297
f 299 297 300
f 299 300 301
f 302 299 301
f 302 301 303
f 304 302 303
f 304 303 305
f 306 304 305
f 306 305 307
f 308 306 307
f 308 307 309
f 310 309 311
f 310 308 309
f 312 311 313
f 312 310 311
f 314 313 315
f 314 312 313
f 316 315 317
f 316 314 315
f 318 317 319
f 318 316 317
f 320 319 321
f 320 318 319
f 322 321 323
f 322 320 321
f 324 323 325
f 324 322 323
f 326 325 327
f 326 324 325
f 328 326 327
f 329 327 330
f 329 328 327
f 331 330 332
f 331 332 333
f 331 329 330
f 334 333 335
f 334 331 333
f 336 334 335
f 337 335 338
f 337 338 339
f 337 336 335
f 340 337 339
f 341 339 342
f 341 342 343
f 341 340 339
f 344 341 343
f 345 344 343
f 345 343 346
f 347 345 346
f 347 346 348
f 347 348 349
f 350 347 349
f 351 350 349
f 351 349 352
f 351 352 353
f 354 351 353
f 355 354 353
f 355 353 356
f 355 356 357
f 358 355 357
f 254 358 357
f 254 357 252
f 359 360 361
f 362 361 363
f 362 359 361
f 364 363 365
f 364 362 363
f 366 365 367
f 366 364 365
f 368 367 369
f 368 366 367
f 370 369 371
f 370 368 369
f 372 371 373
f 372 370 371
f 374 373 375
f 374 372 373
f 376 375 377
f 376 374 375
f 378 377 379
f 378 376 377
f 380 379 381
f 380 378 379
f 382 381 383
f 382 380 381
f 384 383 385
f 384 382 383
f 386 385 387
f 386 384 385
f 388 387 389
f 388 386 387
f 390 389 391
f 390 388 389
f 392 391 393
f 392 390 391
f 394 393 395
f 394 392 393
f 396 395 397
f 396 394 395
f 398 397 399
f 398 396 397
f 400 399 401
f 400 398 399
f 402 401 403
f 402 400 401
f 404 402 403
f 404 403 405
f 406 404 405
f 406 405 407
f 408 406 407
f 408 407 409
f 410 408 409
f 410 409 411
f 412 410 411
f 412 411 413
f 414 412 413
f 414 413 415
f 416 414 415
f 416 415 417
f 418 417 419
f 418 416 417
f 420 419 421
f 420 418 419
f 422 421 423
f 422 420 421
f 424 423 425
f 424 422 423
f 426 425 427
f 426 424 425
f 428 427 429
f 428 426 427
f 430 429 431
f 430 428 429
f 432 431 433
f 432 430 431
f 434 433 435
f 434 432 433
f 436 435 437
f 436 434 435
f 438 437 439
f 438 436 437
f 440 439 441
f 440 438 439
f 442 441 443
f 442 440 441
f 444 443 445
f 444 442 443
f 446 445 447
f 446 444 445
f 448 447 449
f 448 446 447
f 450 449 451
f 450 448 449
f 452 451 453
f 452 450 451
f 454 452 453
f 454 453 455
f 456 454 455
f 456 455 457
f 458 456 457
f 458 457 459
f 460 458 459
f 460 459 461
f 462 460 461
f 463 462 461
f 463 461 464
f 463 464 465
f 466 463 465
f 466 465 360
f 359 466 360
f 467 468 469
f 470 469 471
f 470 467 469
f 472 471 473
f 472 470 471
f 474 473 475
f 474 472 473
f 476 475 477
f 476 474 475
f 478 477 479
f 478 476 477
f 480 479 481
f 480 478 479
f 482 481 483
f 482 480 481
f 484 483 485
f 484 482 483
f 486 485 487
f 486 484 485
f 488 487 489
f 488 486 487
f 490 489 491
f 490 488 489
f 492 491 493
f 492 490 491
f 494 493 495
f 494 492 493
f 496 495 497
f 496 494 495
f 498 497 499
f 498 496 497
f 500 499 501
f 500 498 499
f 502 501 503
f 502 500 501
f 504 503 505
f 504 502 503
f 506 505 507
f 506 504 505
f 508 507 509
f 508 506 507
f 510 509 511
f 510 508 509
f 512 510 511
f 512 511 513
f 514 512 513
f 514 513 515
f 516 514 515
f 516 515 517
f 518 516 517
f 518 517 519
f 520 518 519
f 520 519 521
f 522 520 521
f 522 521 523
f 524 522 523
f 524 523 525
f 526 525 527
f 526 524 525
f 528 527 529
f 528 526 527
f 530 529 531
f 530 528 529
f 532 531 533
f 532 530 531
f 534 533 535
f 534 532 533
f 536 535 537
f 536 534 535
f 538 537 539
f 538 536 537
f 540 539 541
f 540 538 539
f 542 541 543
f 542 540 541
f 544 543 545
f 544 542 543
f 546 545 547
f 546 544 545
f 548 547 549
f 548 546 547
f 550 549 551
f 550 548 549
f 552 551 553
f 552 550 551
f 554 553 555
f 554 552 553
f 556 555 557
f 556 554 555
f 558 557 559
f 558 556 557
f 560 559 561
f 560 558 559
f 562 560 561
f 562 561 563
f 564 562 563
f 564 563 565
f 566 564 565
f 566 565 567
f 568 566 567
f 568 567 569
f 570 568 569
f 570 569 571
f 572 570 571
f 572 571 573
f 574 572 573
f 574 573 468
f 467 574 468
f 575 576 577
f 575 578 576
f 579 577 580
f 579 575 577
f 581 580 582
f 581 579 580
f 583 582 584
f 583 581 582
f 585 584 586
f 585 583 584
f 587 586 588
f 587 585 586
f 589 588 590
f 589 587 588
f 591 590 592
f 591 589 590
f 593 592 594
f 593 591 592
f 595 594 596
f 595 593 594
f 597 596 598
f 597 595 596
f 599 598 600
f 599 597 598
f 601 600 602
f 601 599 600
f 603 602 604
f 603 601 602
f 605 604 606
f 605 603 604
f 607 606 608
f 607 605 606
f 609 608 610
f 609 607 608
f 611 610 612
f 611 609 610
f 613 612 614
f 613 611 612
f 615 614 616
f 615 613 614
f 617 616 618
f 617 615 616
f 619 617 618
f 619 618 620
f 621 619 620
f 621 620 622
f 623 621 622
f 623 622 624
f 625 623 624
f 625 624 626
f 627 625 626
f 627 626 628
f 629 627 628
f 629 628 630
f 631 629 630
f 631 630 632
f 633 631 632
f 633 632 634
f 635 634 636
f 635 633 634
f 637 636 638
f 637 635 636
f 639 638 640
f 639 637 638
f 641 640 642
f 641 639 640
f 643 642 644
f 643 641 642
f 645 644 646
f 645 643 644
f 647 646 648
f 647 645 646
f 649 648 650
f 649 647 648
f 651 650 652
f 651 649 650
f 653 652 654
f 653 651 652
f 655 654 656
f 655 653 654
f 657 656 658
f 657 655 656
f 659 658 660
f 659 657 658
f 661 660 662
f 661 659 660
f 663 662 664
f 663 661 662
f 665 664 666
f 665 663 664
f 667 666 668
f 667 665 666
f 669 667 668
f 669 668 670
f 671 669 670
f 671 670 672
f 673 671 672
f 673 672 674
f 675 673 674
f 675 674 676
f 677 675 676
f 677 676 678
f 677 678 679
f 680 677 679
f 681 680 679
f 681 679 682
f 578 681 682
f 578 682 576
f 683 684 685
f 686 683 685
f 687 686 685
f 688 687 689
f 687 685 689
f 690 688 691
f 688 689 691
f 692 690 693
f 690 691 693
f 694 692 695
f 692 693 695
f 696 694 697
f 694 695 697
f 698 696 699
f 696 697 699
f 700 698 701
f 698 699 701
f 702 700 703
f 700 701 703
f 704 702 705
f 702 703 705
f 704 705 706
f 707 704 708
f 704 706 708
f 709 710 711
f 712 709 713
f 709 711 713
f 714 712 715
f 712 713 715
f 716 714 717
f 714 715 717
f 718 716 719
f 716 717 719
f 720 718 721
f 718 719 721
f 722 720 723
f 720 721 723
f 724 722 725
f 722 723 725
f 726 724 727
f 724 725 727
f 728 726 729
f 726 727 729
f 730 728 731
f 728 729 731
f 732 730 733
f 730 731 733
f 732 733 734
f 735 736 737
f 735 738 736
f 739 737 740
f 739 735 737
f 741 740 742
f 743 744 745
f 741 739 740
f 743 746 744
f 747 742 748
f 747 741 742
f 749 745 750
f 749 743 745
f 751 748 752
f 751 747 748
f 753 750 754
f 753 749 750
f 755 752 756
f 755 751 752
f 757 754 758
f 757 753 754
f 759 756 760
f 759 755 756
f 761 762 763
f 761 758 762
f 761 757 758
f 764 760 765
f 764 759 760
f 766 763 767
f 766 761 763
f 768 765 769
f 768 764 765
f 770 767 771
f 772 769 773
f 770 766 767
f 772 768 769
f 774 772 773
f 775 773 776
f 777 771 778
f 777 770 771
f 775 774 773
f 779 778 780
f 779 777 778
f 781 779 780
f 781 780 782
f 783 781 782
f 783 782 784
f 785 783 784
f 785 784 786
f 787 786 788
f 787 785 786
f 789 787 788
f 789 788 790
f 791 790 792
f 791 789 790
f 793 792 794
f 793 791 792
f 795 794 796
f 795 793 794
f 738 796 736
f 738 795 796
f 797 798 799
f 797 800 798
f 801 797 799
f 802 797 801
f 803 804 805
f 803 806 804
f 803 807 806
f 803 808 809
f 803 809 810
f 803 811 808
f 803 812 811
f 813 814 815
f 803 816 812
f 803 805 816
f 817 818 807
f 817 819 818
f 817 820 819
f 817 821 820
f 817 822 821
f 817 802 822
f 823 815 824
f 817 797 802
f 823 813 815
f 817 807 803
f 825 826 814
f 825 814 813
f 827 803 810
f 827 810 828
f 829 824 830
f 829 823 824
f 831 832 826
f 831 826 825
f 833 830 834
f 833 829 830
f 835 836 832
f 835 832 831
f 837 834 838
f 837 838 839
f 837 833 834
f 840 841 836
f 840 836 835
f 842 837 839
f 842 839 843
f 844 841 840
f 844 845 846
f 844 846 841
f 847 842 843
f 847 843 848
f 849 845 844
f 849 850 845
f 851 847 848
f 851 848 852
f 853 854 850
f 853 850 849
f 855 851 852
f 855 852 856
f 857 858 854
f 857 854 853
f 859 855 856
f 859 856 860
f 861 862 858
f 861 858 857
f 863 860 864
f 863 859 860
f 865 862 861
f 866 864 867
f 866 863 864
f 868 862 865
f 869 866 867
f 869 867 870
f 871 862 868
f 872 870 873
f 872 869 870
f 874 862 871
f 875 872 873
f 876 872 875
f 877 862 874
f 878 876 875
f 879 876 878
f 880 881 879
f 880 879 878
f 882 883 881
f 882 881 880
f 884 885 883
f 884 883 882
f 886 885 884
f 887 886 884
f 888 887 884
f 889 890 888
f 889 891 890
f 889 892 891
f 889 893 892
f 889 894 893
f 889 895 894
f 889 896 895
f 889 897 896
f 889 898 897
f 889 888 884
f 899 900 901
f 902 899 901
f 902 901 903
f 904 905 900
f 904 900 899
f 906 902 903
f 906 903 907
f 908 909 905
f 908 905 904
f 910 906 907
f 910 907 911
f 912 913 909
f 912 909 908
f 914 910 911
f 914 911 898
f 915 916 913
f 915 913 912
f 917 898 889
f 917 914 898
f 918 877 916
f 918 916 915
f 919 889 920
f 919 917 889
f 921 920 922
f 921 919 920
f 923 922 924
f 923 921 922
f 925 924 926
f 925 923 924
f 927 877 918
f 927 928 929
f 927 930 928
f 927 918 930
f 927 862 877
f 931 927 929
f 932 926 933
f 932 925 926
f 934 927 931
f 935 927 934
f 936 932 933
f 937 935 934
f 938 935 937
f 939 933 940
f 939 936 933
f 941 938 937
f 942 938 941
f 943 939 940
f 943 940 944
f 945 942 941
f 946 943 944
f 946 944 947
f 948 942 945
f 949 948 945
f 950 946 947
f 950 947 951
f 952 949 953
f 952 948 949
f 954 950 951
f 955 952 953
f 955 953 956
f 957 954 951
f 957 951 958
f 808 957 958
f 808 958 809
f 959 955 956
f 959 956 960
f 961 959 960
f 961 960 962
f 800 963 798
f 800 962 963
f 800 961 962
f 964 965 966
f 967 966 968
f 967 964 966
f 969 970 971
f 970 969 972
f 971 970 973
f 970 972 974
f 973 970 975
f 970 974 976
f 970 976 977
f 975 970 978
f 979 980 978
f 980 981 978
f 981 982 978
f 982 975 978
f 979 978 983
f 983 978 984
f 984 978 985
f 970 977 986
f 977 987 986
f 986 987 988
f 987 989 988
f 989 990 991
f 992 988 993
f 988 989 993
f 989 991 993
f 991 990 994
f 990 995 994
f 996 992 997
f 992 993 997
f 998 999 1000
f 994 995 1001
f 995 1002 1001
f 996 997 1003
f 1004 996 1003
f 1000 999 1005
f 999 1006 1005
f 1005 1006 1007
f 1006 1008 1007
f 1002 1009 1010
f 1001 1002 1010
f 1007 1008 1011
f 1008 1012 1011
f 1013 1004 1014
f 1004 1003 1014
f 1011 1012 1015
f 1010 1009 1016
f 1009 1017 1016
f 1013 1014 1018
f 1019 1013 1018
f 1020 1019 1018
f 1016 1017 1021
f 1017 1022 1021
f 1012 1020 1023
f 1020 1018 1023
f 1021 1022 1024
f 1022 1025 1024
f 1015 1012 1026
f 1012 1023 1026
f 1024 1025 1027
f 1028 1015 1029
f 1030 1028 1029
f 1026 1031 1032
f 1029 1015 1032
f 1015 1026 1032
f 1033 1030 1034
f 1030 1029 1034
f 1031 1035 1036
f 1032 1031 1036
f 1037 1033 1038
f 1033 1034 1038
f 1035 1039 1040
f 1036 1035 1040
f 1041 1037 1042
f 1043 1041 1042
f 1037 1038 1042
f 1039 1044 1045
f 1040 1039 1045
f 1046 1043 1047
f 1043 1042 1047
f 1044 1048 1049
f 1045 1044 1049
f 1046 1047 1050
f 1049 1048 1051
f 1048 1052 1051
f 1053 1054 1055
f 1054 1027 1056
f 1055 1054 1056
f 1053 1055 1057
f 1027 1025 1058
f 1056 1027 1058
f 1059 1053 1060
f 1053 1057 1060
f 1061 1059 1062
f 1059 1060 1062
f 1058 1025 1063
f 985 978 1063
f 1025 1064 1063
f 1064 985 1063
f 1052 1061 1065
f 1061 1062 1065
f 1052 1065 1066
f 1046 1050 1067
f 1068 1046 1067
f 1050 1069 1067
f 1069 1070 1067
f 1070 1071 1067
f 1067 1071 1072
f 1051 1052 1073
f 1052 1066 1073
f 1074 1075 1073
f 1066 1074 1073
f 1075 1074 1076
f 1077 1078 1076
f 1074 1077 1076
f 1076 1078 1079
f 1051 1073 1080
f 1081 1051 1080
f 1082 1081 1083
f 1081 1080 1083
f 1078 1084 1085
f 1079 1078 1085
f 1082 1083 1086
f 1087 1082 1088
f 1082 1086 1088
f 1089 1087 1090
f 1087 1088 1090
f 1091 1089 1092
f 1089 1090 1092
f 1093 1091 1094
f 1091 1092 1094
f 1094 1095 1096
f 1067 1072 1096
f 1072 1097 1096
f 1097 1098 1096
f 1098 1099 1096
f 1099 1093 1096
f 1093 1094 1096
f 1100 1101 1102
f 1100 1102 1103
f 1104 1105 1106
f 1107 1104 1108
f 1104 1106 1108
f 1109 1110 1111
f 1110 1112 1111
f 1113 1114 1115
f 1113 1115 1116
f 1117 1116 1118
f 1117 1113 1116
f 1119 1118 1120
f 1119 1117 1118
f 1121 1120 1122
f 1121 1119 1120
f 1123 1122 1124
f 1123 1121 1122
f 1125 1124 1126
f 1125 1123 1124
f 1127 1126 1128
f 1127 1125 1126
f 1129 1128 1130
f 1129 1127 1128
f 1131 1130 1132
f 1131 1129 1130
f 1133 1132 1134
f 1133 1131 1132
f 1135 1136 1137
f 1137 1136 1138
f 1139 1140 1141
f 1139 1141 1142
f 1143 1144 1145
f 1144 1143 1146
f 1143 1145 1147
f 1146 1143 1148
f 1143 1147 1149
f 1148 1143 1150
f 1150 1143 1151
f 1151 1143 1152
f 1153 1151 1152
f 1153 1152 1154
f 1155 1153 1154
f 1155 1154 1156
f 1143 1149 1157
f 1158 1159 1157
f 1160 1158 1157
f 1161 1160 1157
f 1162 1161 1157
f 1163 1162 1157
f 1149 1163 1157
f 1157 1159 1164
f 1157 1164 1165
f 1166 1167 1168
f 1168 1167 1169
f 1167 1155 1169
f 1166 1168 1170
f 1169 1155 1171
f 1156 1172 1171
f 1155 1156 1171
f 1173 1174 1175
f 1166 1170 1176
f 1177 1166 1176
f 1171 1172 1178
f 1172 1179 1178
f 1173 1175 1180
f 1181 1182 1183
f 1182 1173 1183
f 1173 1180 1183
f 1177 1176 1184
f 1185 1177 1184
f 1181 1183 1186
f 1179 1187 1188
f 1178 1179 1188
f 1181 1186 1189
f 1190 1181 1189
f 1185 1184 1191
f 1188 1187 1192
f 1187 1193 1192
f 1193 1194 1192
f 1185 1191 1195
f 1196 1185 1195
f 1192 1194 1197
f 1196 1195 1198
f 1199 1196 1198
f 1199 1198 1200
f 1190 1189 1201
f 1189 1202 1201
f 1203 1197 1204
f 1194 1190 1204
f 1197 1194 1204
f 1190 1201 1204
f 1202 1205 1206
f 1205 1207 1206
f 1201 1202 1206
f 1208 1209 1210
f 1209 1203 1210
f 1203 1204 1210
f 1207 1211 1212
f 1211 1213 1212
f 1206 1207 1212
f 1214 1215 1216
f 1217 1208 1218
f 1208 1210 1218
f 1212 1213 1219
f 1213 1220 1219
f 1220 1214 1219
f 1221 1222 1223
f 1222 1217 1223
f 1217 1218 1223
f 1214 1216 1224
f 1219 1214 1224
f 1221 1223 1225
f 1226 1221 1225
f 1224 1216 1227
f 1226 1225 1228
f 1227 1216 1229
f 1230 1231 1232
f 1200 1230 1233
f 1230 1232 1233
f 1199 1200 1233
f 1232 1231 1234
f 1199 1233 1235
f 1236 1199 1235
f 1231 1237 1238
f 1234 1231 1238
f 1237 1239 1240
f 1238 1237 1240
f 1236 1235 1241
f 1157 1165 1241
f 1165 1236 1241
f 1226 1228 1242
f 1239 1226 1242
f 1240 1239 1242
f 1242 1228 1243
f 1229 1216 1244
f 1244 1216 1245
f 1246 1247 1248
f 1247 1249 1248
f 1247 1243 1250
f 1243 1228 1250
f 1249 1247 1250
f 1228 1251 1250
f 1252 1246 1253
f 1246 1248 1253
f 1250 1251 1254
f 1254 1251 1255
f 1251 1256 1255
f 1257 1252 1258
f 1252 1253 1258
f 1255 1256 1259
f 1256 1260 1261
f 1259 1256 1261
f 1261 1260 1262
f 1260 1263 1264
f 1262 1260 1264
f 1264 1263 1265
f 1266 1265 1267
f 1268 1269 1267
f 1270 1268 1267
f 1271 1270 1267
f 1272 1271 1267
f 1263 1272 1267
f 1265 1263 1267
f 1273 1216 1267
f 1269 1273 1267
f 1245 1216 1273
f 1274 1275 1276
f 1275 1277 1276
f 1278 1279 1280
f 1280 1279 1281
f 1282 1283 1284
f 1282 1284 1285
f 1286 1287 1288
f 1287 1289 1288
f 1289 1290 1288
f 1286 1288 1291
f 1291 1288 1292
f 1293 1294 1295
f 1296 1297 1298
f 1297 1299 1298
f 1299 1300 1298
f 1300 1301 1298
f 1301 1302 1298
f 1302 1303 1298
f 1303 1304 1298
f 1304 1305 1298
f 1305 1306 1298
f 1294 1307 1308
f 1295 1294 1308
f 1306 1309 1310
f 1309 1311 1310
f 1312 1293 1313
f 1311 1314 1310
f 1314 1315 1310
f 1315 1316 1310
f 1316 1292 1310
f 1298 1306 1310
f 1293 1295 1313
f 1292 1288 1310
f 1307 1317 1318
f 1308 1307 1318
f 1319 1296 1320
f 1296 1298 1320
f 1321 1312 1322
f 1312 1313 1322
f 1323 1324 1325
f 1317 1323 1325
f 1318 1317 1325
f 1326 1321 1327
f 1321 1322 1327
f 1324 1328 1329
f 1325 1324 1329
f 1326 1327 1330
f 1331 1326 1330
f 1328 1332 1333
f 1329 1328 1333
f 1331 1330 1334
f 1335 1331 1334
f 1333 1332 1336
f 1332 1337 1336
f 1335 1334 1338
f 1339 1335 1338
f 1340 1339 1338
f 1337 1341 1342
f 1336 1337 1342
f 1343 1340 1344
f 1340 1338 1344
f 1341 1345 1346
f 1342 1341 1346
f 1343 1344 1347
f 1348 1343 1347
f 1345 1349 1350
f 1346 1345 1350
f 1351 1348 1352
f 1348 1347 1352
f 1349 1353 1354
f 1350 1349 1354
f 1351 1352 1355
f 1351 1355 1356
f 1354 1353 1357
f 1356 1355 1358
f 1356 1358 1359
f 1357 1353 1360
f 1359 1358 1361
f 1360 1353 1362
f 1359 1361 1363
f 1363 1361 1364
f 1362 1353 1365
f 1363 1364 1366
f 1366 1364 1367
f 1366 1367 1368
f 1368 1367 1369
f 1368 1369 1370
f 1369 1371 1372
f 1370 1369 1372
f 1371 1373 1374
f 1372 1371 1374
f 1374 1373 1375
f 1374 1375 1376
f 1374 1376 1377
f 1377 1378 1379
f 1378 1380 1379
f 1380 1381 1379
f 1381 1382 1379
f 1382 1383 1379
f 1374 1377 1379
f 1383 1384 1379
f 1384 1385 1379
f 1385 1386 1379
f 1386 1387 1379
f 1388 1389 1390
f 1390 1389 1391
f 1389 1392 1391
f 1393 1388 1394
f 1388 1390 1394
f 1391 1392 1395
f 1392 1396 1395
f 1393 1394 1397
f 1398 1393 1397
f 1395 1396 1399
f 1396 1400 1399
f 1398 1397 1401
f 1402 1398 1401
f 1399 1400 1403
f 1400 1404 1403
f 1402 1401 1405
f 1387 1402 1405
f 1403 1404 1406
f 1404 1407 1406
f 1387 1405 1408
f 1409 1379 1408
f 1379 1387 1408
f 1406 1407 1410
f 1365 1353 1410
f 1407 1365 1410
f 1411 1409 1412
f 1409 1408 1412
f 1413 1411 1414
f 1411 1412 1414
f 1413 1414 1415
f 1410 1353 1416
f 1417 1418 1416
f 1418 1419 1416
f 1419 1410 1416
f 1420 1413 1421
f 1413 1415 1421
f 1417 1416 1422
f 1423 1420 1424
f 1420 1421 1424
f 1416 1425 1426
f 1422 1416 1426
f 1427 1423 1428
f 1423 1424 1428
f 1425 1429 1430
f 1426 1425 1430
f 1431 1427 1432
f 1427 1428 1432
f 1430 1429 1433
f 1433 1429 1434
f 1431 1432 1435
f 1431 1435 1436
f 1433 1434 1437
f 1437 1434 1438
f 1436 1435 1439
f 1437 1438 1440
f 1440 1438 1441
f 1442 1436 1443
f 1436 1439 1443
f 1440 1441 1444
f 1445 1442 1446
f 1442 1443 1446
f 1444 1441 1447
f 1444 1447 1448
f 1297 1445 1299
f 1445 1446 1299
f 1448 1447 1449
f 1450 1448 1449
f 1451 1450 1452
f 1450 1449 1452
f 1289 1451 1290
f 1451 1452 1290
f 1453 1454 1455
f 1456 1453 1455
f 1457 1456 1458
f 1456 1455 1458
f 1459 1457 1460
f 1457 1458 1460
f 1461 1459 1462
f 1459 1460 1462
f 1463 1461 1464
f 1461 1462 1464
f 1465 1463 1466
f 1463 1464 1466
f 1467 1465 1468
f 1465 1466 1468
f 1469 1467 1470
f 1471 1469 1470
f 1467 1468 1470
f 1472 1471 1473
f 1471 1470 1473
f 1474 1472 1475
f 1472 1473 1475
f 1476 1474 1477
f 1474 1475 1477
f 1476 1477 1478
f 1479 1480 1481
f 1481 1480 1482
f 1483 1484 1485
f 1484 1486 1485
f 1487 1483 1488
f 1483 1485 1488
f 1489 1487 1490
f 1487 1488 1490
f 1491 1489 1492
f 1489 1490 1492
f 1493 1491 1494
f 1491 1492 1494
f 1495 1493 1496
f 1493 1494 1496
f 1497 1495 1498
f 1495 1496 1498
f 1499 1497 1500
f 1497 1498 1500
f 1501 1499 1502
f 1499 1500 1502
f 1503 1501 1504
f 1501 1502 1504
f 1505 1503 1506
f 1503 1504 1506
f 1507 1505 1508
f 1505 1506 1508
f 1509 1510 1511
f 1510 1512 1511
f 1513 1509 1514
f 1509 1511 1514
f 1515 1513 1516
f 1513 1514 1516
f 1517 1515 1518
f 1515 1516 1518
f 1519 1517 1520
f 1517 1518 1520
f 1521 1519 1522
f 1519 1520 1522
f 1523 1521 1524
f 1521 1522 1524
f 1525 1523 1526
f 1523 1524 1526
f 1527 1525 1528
f 1525 1526 1528
f 1529 1527 1530
f 1527 1528 1530
f 1531 1529 1532
f 1529 1530 1532
f 1533 1531 1534
f 1531 1532 1534
f 1535 1536 1537
f 1535 1538 1536
f 1535 1539 1538
f 1535 1540 1539
f 1541 1542 1543
f 1535 1544 1540
f 1535 1541 1545
f 1546 1547 1548
f 1546 1549 1547
f 1546 1550 1549
f 1551 1552 1542
f 1553 1535 1554
f 1555 1556 1557
f 1555 1541 1556
f 1558 1559 1546
f 1558 1560 1559
f 1561 1562 1551
f 1561 1542 1541
f 1561 1551 1542
f 1563 1553 1564
f 1563 1535 1553
f 1565 1555 1566
f 1567 1563 1568
f 1569 1548 1570
f 1569 1571 1558
f 1572 1573 1561
f 1569 1574 1571
f 1572 1575 1573
f 1569 1546 1548
f 1569 1558 1546
f 1576 1565 1577
f 1578 1570 1541
f 1576 1555 1565
f 1578 1541 1535
f 1578 1535 1563
f 1578 1563 1567
f 1578 1569 1570
f 1579 1572 1561
f 1580 1581 1569
f 1580 1578 1582
f 1580 1569 1578
f 1545 1576 1583
f 1545 1541 1555
f 1545 1555 1576
f 1544 1545 1584
f 1570 1585 1579
f 1570 1586 1585
f 1570 1587 1586
f 1570 1561 1541
f 1570 1579 1561
f 1548 1588 1570
f 1535 1545 1544
f 1589 1590 1591
f 1589 1591 1592
f 1593 1594 1595
f 1593 1596 1590
f 1597 1598 1599
f 1593 1595 1596
f 1593 1590 1589
f 1600 1589 1601
f 1602 1597 1603
f 1604 1605 1606
f 1607 1608 1593
f 1607 1609 1608
f 1607 1593 1589
f 1607 1589 1600
f 1610 1600 1611
f 1612 1602 1613
f 1614 1610 1615
f 1616 1606 1598
f 1616 1617 1604
f 1618 1619 1607
f 1616 1604 1606
f 1618 1620 1619
f 1621 1607 1600
f 1621 1600 1610
f 1621 1610 1614
f 1622 1612 1623
f 1624 1618 1607
f 1624 1607 1621
f 1622 1597 1602
f 1622 1602 1612
f 1625 1624 1621
f 1626 1627 1616
f 1628 1624 1625
f 1629 1626 1616
f 1630 1631 1632
f 1633 1634 1629
f 1635 1630 1636
f 1596 1637 1633
f 1596 1622 1631
f 1596 1598 1597
f 1596 1616 1598
f 1596 1597 1622
f 1596 1629 1616
f 1596 1633 1629
f 1638 1630 1635
f 1638 1631 1630
f 1638 1596 1631
f 1590 1596 1638
f 1639 1640 1596
f 1639 1641 1640
f 1591 1590 1642
f 1595 1639 1596
f 1643 1644 1645
f 1643 1646 1644
f 1643 1647 1646
f 1643 1648 1649
f 1643 1649 1650
f 1643 1651 1652
f 1653 1654 1655
f 1653 1656 1654
f 1657 1658 1643
f 1659 1648 1660
f 1661 1653 1662
f 1663 1664 1657
f 1663 1643 1650
f 1663 1657 1643
f 1665 1656 1653
f 1665 1653 1661
f 1666 1659 1667
f 1668 1669 1646
f 1670 1665 1671
f 1668 1672 1669
f 1673 1674 1663
f 1673 1675 1674
f 1673 1663 1650
f 1649 1648 1659
f 1649 1659 1666
f 1647 1676 1668
f 1647 1668 1646
f 1650 1649 1677
f 1678 1679 1673
f 1678 1680 1679
f 1678 1656 1665
f 1678 1665 1670
f 1678 1673 1650
f 1678 1650 1656
f 1681 1682 1683
f 1684 1685 1682
f 1684 1670 1685
f 1684 1678 1670
f 1684 1682 1681
f 1651 1686 1652
f 1687 1688 1678
f 1687 1678 1684
f 1689 1690 1691
f 1689 1650 1690
f 1692 1693 1651
f 1656 1650 1689
f 1656 1689 1694
f 1643 1652 1647
f 1643 1692 1651
f 1643 1695 1692
f 1643 1696 1648
f 1643 1645 1696
f 1697 1698 1699
f 1697 1700 1701
f 1697 1702 1700
f 1697 1699 1702
f 1703 1704 1705
f 1706 1707 1708
f 1706 1709 1707
f 1710 1711 1704
f 1712 1713 1698
f 1712 1698 1697
f 1712 1697 1714
f 1712 1715 1703
f 1712 1703 1713
f 1712 1716 1715
f 1717 1718 1719
f 1717 1703 1718
f 1715 1720 1710
f 1721 1722 1706
f 1721 1723 1722
f 1715 1704 1703
f 1715 1710 1704
f 1724 1712 1725
f 1726 1717 1727
f 1726 1703 1717
f 1728 1724 1729
f 1730 1708 1716
f 1730 1716 1712
f 1730 1731 1721
f 1730 1732 1731
f 1730 1712 1724
f 1730 1706 1708
f 1730 1721 1706
f 1733 1734 1715
f 1733 1735 1734
f 1713 1726 1736
f 1713 1703 1726
f 1737 1738 1730
f 1737 1739 1740
f 1737 1728 1739
f 1716 1733 1715
f 1737 1730 1724
f 1737 1724 1728
f 1741 1713 1742
f 1743 1744 1716
f 1745 1743 1716
f 1698 1741 1746
f 1698 1713 1741
f 1699 1698 1747
f 1708 1745 1716
f 1708 1748 1745
f 1708 1749 1748
f 1709 1750 1707
f 1751 1752 1753
f 1754 1755 1756
f 1754 1757 1758
f 1754 1756 1757
f 1759 1752 1751
f 1759 1760 1752
f 1761 1762 1763
f 1764 1754 1758
f 1765 1763 1766
f 1765 1761 1763
f 1767 1768 1769
f 1767 1769 1762
f 1770 1771 1760
f 1767 1762 1761
f 1770 1760 1759
f 1772 1764 1758
f 1773 1765 1766
f 1772 1774 1775
f 1772 1758 1774
f 1776 1777 1768
f 1778 1771 1770
f 1778 1779 1771
f 1776 1768 1767
f 1778 1780 1779
f 1781 1766 1782
f 1783 1772 1775
f 1781 1773 1766
f 1783 1775 1784
f 1785 1784 1780
f 1785 1780 1778
f 1786 1787 1777
f 1788 1783 1784
f 1786 1777 1776
f 1788 1784 1785
f 1789 1782 1790
f 1789 1781 1782
f 1791 1787 1786
f 1792 1790 1793
f 1792 1789 1790
f 1794 1795 1787
f 1794 1787 1791
f 1796 1793 1797
f 1796 1792 1793
f 1798 1794 1799
f 1798 1795 1794
f 1753 1796 1797
f 1753 1800 1796
f 1756 1798 1799
f 1752 1800 1753
f 1755 1798 1756
f 1801 1802 1803
f 1801 1804 1805
f 1801 1803 1804
f 1806 1807 1808
f 1806 1809 1807
f 1810 1811 1812
f 1813 1801 1805
f 1814 1812 1815
f 1814 1810 1812
f 1816 1809 1806
f 1817 1818 1819
f 1817 1819 1811
f 1816 1820 1809
f 1817 1811 1810
f 1821 1813 1805
f 1822 1814 1815
f 1821 1805 1823
f 1824 1820 1816
f 1825 1826 1818
f 1824 1827 1820
f 1824 1828 1827
f 1825 1818 1817
f 1829 1815 1830
f 1831 1821 1823
f 1831 1832 1833
f 1831 1823 1832
f 1829 1822 1815
f 1834 1833 1828
f 1834 1828 1824
f 1835 1836 1826
f 1837 1831 1833
f 1837 1833 1834
f 1835 1826 1825
f 1838 1830 1839
f 1838 1839 1840
f 1838 1829 1830
f 1841 1836 1835
f 1842 1838 1840
f 1843 1842 1840
f 1844 1845 1836
f 1844 1836 1841
f 1846 1842 1843
f 1847 1844 1848
f 1847 1845 1844
f 1849 1846 1843
f 1849 1850 1846
f 1803 1847 1848
f 1802 1847 1803
f 1808 1850 1849
f 1808 1807 1850
f 1851 1852 1853
f 1852 1854 1853
f 1855 1851 1856
f 1851 1853 1856
f 1857 1858 1859
f 1858 1860 1859
f 1861 1855 1862
f 1855 1856 1862
f 1863 1857 1864
f 1857 1859 1864
f 1865 1861 1866
f 1861 1862 1866
f 1867 1863 1868
f 1858 1865 1860
f 1863 1864 1868
f 1865 1866 1860
f 1869 1867 1870
f 1867 1868 1870
f 1871 1869 1872
f 1869 1870 1872
f 1873 1871 1874
f 1871 1872 1874
f 1875 1873 1876
f 1873 1874 1876
f 1877 1875 1878
f 1875 1876 1878
f 1879 1877 1880
f 1877 1878 1880
f 1881 1879 1882
f 1879 1880 1882
f 1883 1881 1884
f 1881 1882 1884
f 1883 1884 1885
f 1886 1883 1885
f 1886 1885 1887
f 1888 1886 1887
f 1888 1887 1889
f 1890 1888 1889
f 1891 1890 1892
f 1890 1889 1892
f 1893 1891 1894
f 1891 1892 1894
f 1895 1893 1896
f 1893 1894 1896
f 1897 1895 1898
f 1895 1896 1898
f 1899 1897 1900
f 1897 1898 1900
f 1852 1899 1854
f 1899 1900 1854
f 1901 1902 1903
f 1902 1904 1903
f 1905 1906 1907
f 1908 1901 1909
f 1901 1903 1909
f 1910 1905 1911
f 1905 1907 1911
f 1912 1908 1913
f 1908 1909 1913
f 1914 1910 1915
f 1910 1911 1915
f 1916 1912 1917
f 1912 1913 1917
f 1906 1916 1907
f 1918 1914 1919
f 1916 1917 1907
f 1914 1915 1919
f 1920 1918 1921
f 1918 1919 1921
f 1922 1920 1923
f 1920 1921 1923
f 1924 1922 1925
f 1922 1923 1925
f 1926 1924 1927
f 1924 1925 1927
f 1928 1926 1929
f 1926 1927 1929
f 1930 1928 1931
f 1928 1929 1931
f 1932 1930 1933
f 1930 1931 1933
f 1934 1932 1935
f 1932 1933 1935
f 1934 1935 1936
f 1937 1934 1936
f 1937 1936 1938
f 1939 1937 1938
f 1939 1938 1940
f 1941 1939 1940
f 1942 1941 1943
f 1941 1940 1943
f 1942 1943 1944
f 1945 1942 1944
f 1946 1945 1947
f 1945 1944 1947
f 1948 1946 1949
f 1946 1947 1949
f 1902 1948 1904
f 1948 1949 1904
f 1950 1951 1952
f 1950 1952 1953
f 1953 1952 1954
f 1953 1954 1955
f 1956 1957 1958
f 1959 1956 1958
f 1955 1954 1960
f 1955 1960 1961
f 1961 1960 1962
f 1963 1959 1964
f 1959 1958 1964
f 1961 1962 1956
f 1956 1962 1957
f 1965 1963 1966
f 1963 1964 1966
f 1967 1965 1968
f 1965 1966 1968
f 1969 1967 1970
f 1967 1968 1970
f 1971 1969 1972
f 1969 1970 1972
f 1973 1971 1974
f 1971 1972 1974
f 1975 1973 1976
f 1973 1974 1976
f 1977 1975 1978
f 1975 1976 1978
f 1979 1977 1980
f 1977 1978 1980
f 1981 1979 1982
f 1979 1980 1982
f 1983 1981 1984
f 1981 1982 1984
f 1985 1983 1986
f 1983 1984 1986
f 1987 1985 1988
f 1985 1986 1988
f 1989 1987 1990
f 1987 1988 1990
f 1991 1989 1992
f 1989 1990 1992
f 1993 1991 1994
f 1991 1992 1994
f 1995 1993 1996
f 1993 1994 1996
f 1997 1995 1998
f 1995 1996 1998
f 1950 1997 1951
f 1997 1998 1951
f 1999 2000 2001
f 2002 2001 2003
f 2002 2003 2004
f 2002 2004 2005
f 2002 2005 2006
f 2007 2008 1999
f 2007 1999 2001
f 2009 2001 2002
f 2009 2007 2001
f 2010 2002 2011
f 2010 2011 2012
f 2010 2009 2002
f 2013 2014 2009
f 2015 2013 2009
f 2016 2015 2009
f 2017 2010 2018
f 2017 2018 2019
f 2020 2009 2010
f 2020 2016 2009
f 2021 2020 2010
f 2022 2017 2023
f 2022 2010 2017
f 2022 2021 2010
f 2024 2025 2026
f 2027 2024 2026
f 2028 2027 2026
f 2029 2028 2026
f 2030 2029 2031
f 2029 2026 2032
f 2031 2029 2032
f 2026 2033 2034
f 2026 2034 2035
f 2036 2032 2037
f 2032 2026 2037
f 2026 2035 2038
f 2039 2040 2041
f 2038 2039 2041
f 2026 2038 2041
f 2026 2041 2042
f 2043 2037 2044
f 2045 2043 2044
f 2046 2045 2044
f 2047 2046 2044
f 2037 2026 2044
f 2026 2042 2048
f 2044 2026 2048
f 2049 2050 2051
f 2049 2051 2052
f 2052 2051 2053
f 2054 2055 2056
f 2052 2053 2054
f 2054 2053 2055
f 2056 2055 2057
f 2056 2057 2058
f 2058 2057 2059
f 2058 2059 2060
f 2060 2059 2061
f 2060 2061 2062
f 2062 2061 2063
f 2062 2063 2064
f 2064 2063 2065
f 2064 2065 2066
f 2066 2065 2067
f 2066 2067 2068
f 2068 2067 2069
f 2068 2069 2070
f 2070 2069 2071
f 2070 2071 2072
f 2072 2071 2073
f 2072 2073 2074
f 2074 2073 2075
f 2074 2075 2076
f 2076 2075 2077
f 2076 2077 2078
f 2078 2077 2079
f 2078 2079 2080
f 2080 2079 2081
f 2080 2081 2082
f 2082 2081 2083
f 2082 2083 2084
f 2084 2083 2085
f 2084 2085 2086
f 2086 2085 2087
f 2086 2087 2088
f 2088 2087 2089
f 2088 2089 2090
f 2090 2089 2091
f 2090 2091 2092
f 2092 2091 2093
f 2092 2093 2094
f 2094 2093 2095
f 2094 2095 2096
f 2096 2095 2097
f 2096 2097 2098
f 2098 2097 2050
f 2098 2050 2049
f 2099 2100 2101
f 2100 2102 2101
f 2103 2104 2105
f 2106 2099 2107
f 2099 2101 2107
f 2108 2103 2109
f 2103 2105 2109
f 2110 2106 2111
f 2106 2107 2111
f 2112 2108 2113
f 2108 2109 2113
f 2114 2110 2115
f 2110 2111 2115
f 2104 2114 2105
f 2116 2112 2117
f 2114 2115 2105
f 2112 2113 2117
f 2118 2116 2119
f 2116 2117 2119
f 2120 2118 2121
f 2118 2119 2121
f 2122 2120 2123
f 2120 2121 2123
f 2124 2122 2125
f 2122 2123 2125
f 2126 2124 2127
f 2124 2125 2127
f 2128 2126 2129
f 2126 2127 2129
f 2130 2128 2131
f 2128 2129 2131
f 2132 2130 2133
f 2130 2131 2133
f 2132 2133 2134
f 2135 2132 2134
f 2135 2134 2136
f 2137 2135 2136
f 2137 2136 2138
f 2139 2137 2138
f 2140 2139 2141
f 2139 2138 2141
f 2140 2141 2142
f 2143 2140 2142
f 2144 2143 2145
f 2143 2142 2145
f 2146 2144 2147
f 2144 2145 2147
f 2100 2146 2102
f 2146 2147 2102
f 2148 2149 2150
f 2148 2150 2151
f 2151 2150 2152
f 2151 2152 2153
f 2154 2155 2156
f 2157 2154 2156
f 2153 2152 2158
f 2153 2158 2159
f 2159 2158 2160
f 2161 2157 2162
f 2157 2156 2162
f 2159 2160 2154
f 2154 2160 2155
f 2163 2161 2164
f 2161 2162 2164
f 2165 2163 2166
f 2163 2164 2166
f 2167 2165 2168
f 2165 2166 2168
f 2169 2167 2170
f 2167 2168 2170
f 2171 2169 2172
f 2169 2170 2172
f 2173 2171 2174
f 2171 2172 2174
f 2175 2173 2176
f 2173 2174 2176
f 2177 2175 2178
f 2175 2176 2178
f 2179 2177 2180
f 2177 2178 2180
f 2181 2179 2182
f 2179 2180 2182
f 2183 2181 2184
f 2181 2182 2184
f 2185 2183 2186
f 2183 2184 2186
f 2187 2185 2188
f 2185 2186 2188
f 2189 2187 2190
f 2187 2188 2190
f 2191 2189 2192
f 2189 2190 2192
f 2193 2191 2194
f 2191 2192 2194
f 2195 2193 2196
f 2193 2194 2196
f 2148 2195 2149
f 2195 2196 2149
f 2197 2198 2199
f 2197 2199 2200
f 2197 2200 2201
f 2197 2201 2202
f 2197 2202 2203
f 2197 2203 2204
f 2197 2204 2205
f 2197 2205 2206
f 2197 2206 2207
f 2197 2207 2208
f 2197 2208 2209
f 2197 2209 2210
f 2197 2210 2211
f 2197 2211 2212
f 2197 2212 2213
f 2197 2213 2214
f 2197 2214 2215
f 2216 2198 2197
f 2217 2216 2197
f 2218 2197 2219
f 2220 2217 2197
f 2221 2197 2218
f 2221 2220 2197
f 2222 2223 2224
f 2225 2226 2227
f 2228 2224 2229
f 2230 2225 2231
f 2225 2227 2231
f 2231 2232 2233
f 2234 2229 2235
f 2236 2234 2235
f 2237 2230 2238
f 2223 2237 2238
f 2224 2223 2238
f 2230 2231 2238
f 2229 2224 2238
f 2231 2233 2238
f 2239 2235 2240
f 2241 2239 2240
f 2242 2243 2244
f 2238 2242 2244
f 2245 2240 2246
f 2229 2238 2246
f 2235 2229 2246
f 2238 2244 2246
f 2240 2235 2246

